{
"meta":{"test_sets":[],"test_metrics":[],"learn_metrics":[{"best_value":"Min","name":"Logloss"}],"launch_mode":"Train","parameters":"","iteration_count":1000,"learn_sets":["learn"],"name":"experiment"},
"iterations":[
{"learn":[0.1816342333],"iteration":0,"passed_time":0.3985305425,"remaining_time":398.132012},
{"learn":[0.03893703728],"iteration":1,"passed_time":0.6231415707,"remaining_time":310.9476438},
{"learn":[0.01137498749],"iteration":2,"passed_time":0.9022713346,"remaining_time":299.8548402},
{"learn":[0.004874906154],"iteration":3,"passed_time":1.157442815,"remaining_time":288.203261},
{"learn":[0.002934805279],"iteration":4,"passed_time":1.334017268,"remaining_time":265.4694364},
{"learn":[0.002295828879],"iteration":5,"passed_time":1.520906495,"remaining_time":251.9635094},
{"learn":[0.002063308549],"iteration":6,"passed_time":1.69835361,"remaining_time":240.9235906},
{"learn":[0.00193423874],"iteration":7,"passed_time":1.876539172,"remaining_time":232.6908573},
{"learn":[0.001839103488],"iteration":8,"passed_time":2.044638946,"remaining_time":225.1374662},
{"learn":[0.001778790625],"iteration":9,"passed_time":2.207288861,"remaining_time":218.5215972},
{"learn":[0.001755850706],"iteration":10,"passed_time":2.367309798,"remaining_time":212.8426718},
{"learn":[0.00172994951],"iteration":11,"passed_time":2.601043012,"remaining_time":214.1525413},
{"learn":[0.001692076268],"iteration":12,"passed_time":2.821746894,"remaining_time":214.2357065},
{"learn":[0.001661182405],"iteration":13,"passed_time":3.016984277,"remaining_time":212.4818926},
{"learn":[0.001639753555],"iteration":14,"passed_time":3.176240761,"remaining_time":208.5731433},
{"learn":[0.001612408502],"iteration":15,"passed_time":3.40662505,"remaining_time":209.5074406},
{"learn":[0.001594259952],"iteration":16,"passed_time":3.580424999,"remaining_time":207.0328102},
{"learn":[0.00158329495],"iteration":17,"passed_time":3.745057819,"remaining_time":204.3137099},
{"learn":[0.001573411171],"iteration":18,"passed_time":3.915563837,"remaining_time":202.1667434},
{"learn":[0.001573239706],"iteration":19,"passed_time":4.072156656,"remaining_time":199.5356761},
{"learn":[0.0015634054],"iteration":20,"passed_time":4.233309143,"remaining_time":197.3528405},
{"learn":[0.0015634054],"iteration":21,"passed_time":4.366135589,"remaining_time":194.094573},
{"learn":[0.001556575086],"iteration":22,"passed_time":4.540781067,"remaining_time":192.8844827},
{"learn":[0.001556617943],"iteration":23,"passed_time":4.693091622,"remaining_time":190.8523926},
{"learn":[0.001543792266],"iteration":24,"passed_time":4.886590436,"remaining_time":190.577027},
{"learn":[0.001541896532],"iteration":25,"passed_time":5.062897786,"remaining_time":189.6639402},
{"learn":[0.00154194485],"iteration":26,"passed_time":5.198681127,"remaining_time":187.3450643},
{"learn":[0.001517881122],"iteration":27,"passed_time":5.385769075,"remaining_time":186.9631265},
{"learn":[0.001506224144],"iteration":28,"passed_time":5.563333592,"remaining_time":186.2757558},
{"learn":[0.001506224144],"iteration":29,"passed_time":5.751975112,"remaining_time":185.9805286},
{"learn":[0.001496210391],"iteration":30,"passed_time":5.935179423,"remaining_time":185.5222213},
{"learn":[0.001496031806],"iteration":31,"passed_time":6.083193191,"remaining_time":184.016594},
{"learn":[0.001496071212],"iteration":32,"passed_time":6.273804213,"remaining_time":183.841475},
{"learn":[0.001484802396],"iteration":33,"passed_time":6.540912552,"remaining_time":185.8388684},
{"learn":[0.001484769929],"iteration":34,"passed_time":6.723504628,"remaining_time":185.3766276},
{"learn":[0.00148472343],"iteration":35,"passed_time":6.89133013,"remaining_time":184.5345068},
{"learn":[0.00148472343],"iteration":36,"passed_time":7.045709752,"remaining_time":183.3788781},
{"learn":[0.001484679596],"iteration":37,"passed_time":7.19263501,"remaining_time":182.0872337},
{"learn":[0.001475814653],"iteration":38,"passed_time":7.356648104,"remaining_time":181.2753546},
{"learn":[0.001475852652],"iteration":39,"passed_time":7.503460076,"remaining_time":180.0830418},
{"learn":[0.001475770763],"iteration":40,"passed_time":7.642412871,"remaining_time":178.7579011},
{"learn":[0.001475707398],"iteration":41,"passed_time":7.788735611,"remaining_time":177.6573504},
{"learn":[0.001455709406],"iteration":42,"passed_time":7.958927815,"remaining_time":177.1324167},
{"learn":[0.001455746308],"iteration":43,"passed_time":8.110863612,"remaining_time":176.2269457},
{"learn":[0.001444501178],"iteration":44,"passed_time":8.29698468,"remaining_time":176.0804526},
{"learn":[0.001444501178],"iteration":45,"passed_time":8.447330833,"remaining_time":175.190296},
{"learn":[0.001444545085],"iteration":46,"passed_time":8.611266327,"remaining_time":174.6071662},
{"learn":[0.001444468919],"iteration":47,"passed_time":8.753024853,"remaining_time":173.6016596},
{"learn":[0.001444436824],"iteration":48,"passed_time":8.903070248,"remaining_time":172.7922409},
{"learn":[0.001437601882],"iteration":49,"passed_time":9.064457215,"remaining_time":172.2246871},
{"learn":[0.001437648667],"iteration":50,"passed_time":9.222391408,"remaining_time":171.6088127},
{"learn":[0.001437623883],"iteration":51,"passed_time":9.368212344,"remaining_time":170.7897173},
{"learn":[0.001431234202],"iteration":52,"passed_time":9.525657754,"remaining_time":170.2037338},
{"learn":[0.001431208541],"iteration":53,"passed_time":9.675840307,"remaining_time":169.5063876},
{"learn":[0.001423907001],"iteration":54,"passed_time":9.836026852,"remaining_time":169.000825},
{"learn":[0.001423919347],"iteration":55,"passed_time":9.992237601,"remaining_time":168.4405767},
{"learn":[0.001423941235],"iteration":56,"passed_time":10.13955175,"remaining_time":167.7473211},
{"learn":[0.001423941235],"iteration":57,"passed_time":10.30509277,"remaining_time":167.3689206},
{"learn":[0.001423904883],"iteration":58,"passed_time":10.48956616,"remaining_time":167.2996908},
{"learn":[0.001423930461],"iteration":59,"passed_time":10.63639973,"remaining_time":166.6369291},
{"learn":[0.001423873706],"iteration":60,"passed_time":10.77349815,"remaining_time":165.8412257},
{"learn":[0.001423873706],"iteration":61,"passed_time":10.92016059,"remaining_time":165.2114619},
{"learn":[0.001418720728],"iteration":62,"passed_time":11.09075047,"remaining_time":164.9529078},
{"learn":[0.001415258995],"iteration":63,"passed_time":11.25246845,"remaining_time":164.5673511},
{"learn":[0.001415290783],"iteration":64,"passed_time":11.39714108,"remaining_time":163.943491},
{"learn":[0.00141522064],"iteration":65,"passed_time":11.54776133,"remaining_time":163.4183194},
{"learn":[0.001405386931],"iteration":66,"passed_time":11.75803948,"remaining_time":163.7350871},
{"learn":[0.00140538534],"iteration":67,"passed_time":11.97510379,"remaining_time":164.1293637},
{"learn":[0.00140543955],"iteration":68,"passed_time":12.15262848,"remaining_time":163.9724219},
{"learn":[0.001405415024],"iteration":69,"passed_time":12.31317457,"remaining_time":163.5893192},
{"learn":[0.001405387096],"iteration":70,"passed_time":12.47498429,"remaining_time":163.2290198},
{"learn":[0.001405387096],"iteration":71,"passed_time":12.61821841,"remaining_time":162.6348151},
{"learn":[0.001405342474],"iteration":72,"passed_time":12.76230377,"remaining_time":162.0637753},
{"learn":[0.001405337256],"iteration":73,"passed_time":12.9302287,"remaining_time":161.8025916},
{"learn":[0.001405363197],"iteration":74,"passed_time":13.06784247,"remaining_time":161.1700571},
{"learn":[0.001405363197],"iteration":75,"passed_time":13.22730089,"remaining_time":160.8161319},
{"learn":[0.001405363197],"iteration":76,"passed_time":13.38946609,"remaining_time":160.4997039},
{"learn":[0.001405380369],"iteration":77,"passed_time":13.53689985,"remaining_time":160.0130983},
{"learn":[0.001405380369],"iteration":78,"passed_time":13.68092402,"remaining_time":159.4953294},
{"learn":[0.001405380369],"iteration":79,"passed_time":13.82505273,"remaining_time":158.9881065},
{"learn":[0.001405371401],"iteration":80,"passed_time":13.97577073,"remaining_time":158.5646086},
{"learn":[0.001405349869],"iteration":81,"passed_time":14.11354342,"remaining_time":158.0028398},
{"learn":[0.001405354855],"iteration":82,"passed_time":14.25858046,"remaining_time":157.5315455},
{"learn":[0.001405345083],"iteration":83,"passed_time":14.39259832,"remaining_time":156.9478579},
{"learn":[0.001405334637],"iteration":84,"passed_time":14.53299198,"remaining_time":156.4433842},
{"learn":[0.001405330827],"iteration":85,"passed_time":14.67379644,"remaining_time":155.9517436},
{"learn":[0.001405322841],"iteration":86,"passed_time":14.82150741,"remaining_time":155.5406467},
{"learn":[0.001403723538],"iteration":87,"passed_time":14.99229563,"remaining_time":155.3747002},
{"learn":[0.001403726167],"iteration":88,"passed_time":15.13984608,"remaining_time":154.970784},
{"learn":[0.001403463147],"iteration":89,"passed_time":15.28589493,"remaining_time":154.557382},
{"learn":[0.001403463147],"iteration":90,"passed_time":15.4283363,"remaining_time":154.1138209},
{"learn":[0.001403463147],"iteration":91,"passed_time":15.58742468,"remaining_time":153.8411044},
{"learn":[0.001403463147],"iteration":92,"passed_time":15.73949995,"remaining_time":153.502435},
{"learn":[0.001403463147],"iteration":93,"passed_time":15.89834711,"remaining_time":153.2330051},
{"learn":[0.001403463147],"iteration":94,"passed_time":16.05489002,"remaining_time":152.9439523},
{"learn":[0.001403463147],"iteration":95,"passed_time":16.2161471,"remaining_time":152.7020519},
{"learn":[0.001403463147],"iteration":96,"passed_time":16.3652131,"remaining_time":152.348324},
{"learn":[0.001403463147],"iteration":97,"passed_time":16.51343907,"remaining_time":151.9910412},
{"learn":[0.001403457532],"iteration":98,"passed_time":16.6731634,"remaining_time":151.7426285},
{"learn":[0.001403457532],"iteration":99,"passed_time":16.82219759,"remaining_time":151.3997783},
{"learn":[0.001403457532],"iteration":100,"passed_time":16.98898071,"remaining_time":151.2187491},
{"learn":[0.001403457532],"iteration":101,"passed_time":17.17883291,"remaining_time":151.2410976},
{"learn":[0.001403457532],"iteration":102,"passed_time":17.39420325,"remaining_time":151.4815564},
{"learn":[0.001403457532],"iteration":103,"passed_time":17.55143212,"remaining_time":151.2123382},
{"learn":[0.001403457532],"iteration":104,"passed_time":17.7039599,"remaining_time":150.905182},
{"learn":[0.001403457532],"iteration":105,"passed_time":17.86207997,"remaining_time":150.6481084},
{"learn":[0.001403457532],"iteration":106,"passed_time":18.01671477,"remaining_time":150.3637971},
{"learn":[0.001403457532],"iteration":107,"passed_time":18.17033673,"remaining_time":150.0735219},
{"learn":[0.001403457532],"iteration":108,"passed_time":18.33452964,"remaining_time":149.8721643},
{"learn":[0.001403457532],"iteration":109,"passed_time":18.49067763,"remaining_time":149.6063918},
{"learn":[0.001403457532],"iteration":110,"passed_time":18.65054615,"remaining_time":149.3723921},
{"learn":[0.001403457532],"iteration":111,"passed_time":18.80448323,"remaining_time":149.0926884},
{"learn":[0.001403457532],"iteration":112,"passed_time":18.95963586,"remaining_time":148.8247523},
{"learn":[0.001403457532],"iteration":113,"passed_time":19.1169624,"remaining_time":148.5756902},
{"learn":[0.001403457532],"iteration":114,"passed_time":19.28042374,"remaining_time":148.3754349},
{"learn":[0.001403457532],"iteration":115,"passed_time":19.43621901,"remaining_time":148.1173931},
{"learn":[0.001403457532],"iteration":116,"passed_time":19.5920578,"remaining_time":147.8614277},
{"learn":[0.001403457532],"iteration":117,"passed_time":19.74934156,"remaining_time":147.6179598},
{"learn":[0.001403457532],"iteration":118,"passed_time":19.90531285,"remaining_time":147.3662237},
{"learn":[0.001403457532],"iteration":119,"passed_time":20.06181362,"remaining_time":147.1199666},
{"learn":[0.001403457532],"iteration":120,"passed_time":20.21701854,"remaining_time":146.8657793},
{"learn":[0.001403457532],"iteration":121,"passed_time":20.3735548,"remaining_time":146.622796},
{"learn":[0.001403457532],"iteration":122,"passed_time":20.53109711,"remaining_time":146.3883916},
{"learn":[0.001403457532],"iteration":123,"passed_time":20.68569048,"remaining_time":146.134394},
{"learn":[0.001403457532],"iteration":124,"passed_time":20.84495996,"remaining_time":145.9147197},
{"learn":[0.001403457532],"iteration":125,"passed_time":21.00100425,"remaining_time":145.6736327},
{"learn":[0.001403457532],"iteration":126,"passed_time":21.15360006,"remaining_time":145.41018},
{"learn":[0.001403457532],"iteration":127,"passed_time":21.31601562,"remaining_time":145.2153564},
{"learn":[0.001403457532],"iteration":128,"passed_time":21.47131308,"remaining_time":144.9729743},
{"learn":[0.001403457532],"iteration":129,"passed_time":21.62647132,"remaining_time":144.7310004},
{"learn":[0.001403457532],"iteration":130,"passed_time":21.78329724,"remaining_time":144.5014145},
{"learn":[0.001403457532],"iteration":131,"passed_time":21.94240908,"remaining_time":144.2879627},
{"learn":[0.001403457532],"iteration":132,"passed_time":22.09949203,"remaining_time":144.0621022},
{"learn":[0.001403457532],"iteration":133,"passed_time":22.25362196,"remaining_time":143.8181837},
{"learn":[0.001403457532],"iteration":134,"passed_time":22.44378532,"remaining_time":143.8064763},
{"learn":[0.001403457532],"iteration":135,"passed_time":22.64020538,"remaining_time":143.831893},
{"learn":[0.001403457532],"iteration":136,"passed_time":22.81684837,"remaining_time":143.7294901},
{"learn":[0.001403457532],"iteration":137,"passed_time":22.97338648,"remaining_time":143.5004286},
{"learn":[0.001403457532],"iteration":138,"passed_time":23.12643477,"remaining_time":143.2507938},
{"learn":[0.001403457532],"iteration":139,"passed_time":23.28284695,"remaining_time":143.0232027},
{"learn":[0.001403457532],"iteration":140,"passed_time":23.44341795,"remaining_time":142.8219576},
{"learn":[0.001403457532],"iteration":141,"passed_time":23.5937455,"remaining_time":142.5593918},
{"learn":[0.001403457532],"iteration":142,"passed_time":23.75091178,"remaining_time":142.3393804},
{"learn":[0.001403457532],"iteration":143,"passed_time":23.90687169,"remaining_time":142.1130706},
{"learn":[0.001403457532],"iteration":144,"passed_time":24.06298813,"remaining_time":141.8886542},
{"learn":[0.001403457532],"iteration":145,"passed_time":24.22261921,"remaining_time":141.6857316},
{"learn":[0.001403457532],"iteration":146,"passed_time":24.45379208,"remaining_time":141.898535},
{"learn":[0.001403457532],"iteration":147,"passed_time":24.67392217,"remaining_time":142.0417682},
{"learn":[0.001403457532],"iteration":148,"passed_time":24.88381392,"remaining_time":142.1216486},
{"learn":[0.001403457532],"iteration":149,"passed_time":25.04454132,"remaining_time":141.9190675},
{"learn":[0.001403457532],"iteration":150,"passed_time":25.19814172,"remaining_time":141.676969},
{"learn":[0.001403457532],"iteration":151,"passed_time":25.35657992,"remaining_time":141.4630248},
{"learn":[0.001403457532],"iteration":152,"passed_time":25.52554261,"remaining_time":141.3080692},
{"learn":[0.001403457532],"iteration":153,"passed_time":25.68333545,"remaining_time":141.0915701},
{"learn":[0.001403457532],"iteration":154,"passed_time":25.84046283,"remaining_time":140.8722006},
{"learn":[0.001403457532],"iteration":155,"passed_time":25.99660944,"remaining_time":140.6483229},
{"learn":[0.001403457532],"iteration":156,"passed_time":26.15644588,"remaining_time":140.4451202},
{"learn":[0.001403457532],"iteration":157,"passed_time":26.31090526,"remaining_time":140.2138116},
{"learn":[0.001403457532],"iteration":158,"passed_time":26.46856181,"remaining_time":140.0003804},
{"learn":[0.001403457532],"iteration":159,"passed_time":26.62629008,"remaining_time":139.7880229},
{"learn":[0.001403457532],"iteration":160,"passed_time":26.7844749,"remaining_time":139.5787233},
{"learn":[0.001403457532],"iteration":161,"passed_time":26.94274994,"remaining_time":139.3705213},
{"learn":[0.001403457532],"iteration":162,"passed_time":27.10084957,"remaining_time":139.1620312},
{"learn":[0.001403457532],"iteration":163,"passed_time":27.25902413,"remaining_time":138.9545376},
{"learn":[0.001403457532],"iteration":164,"passed_time":27.42036388,"remaining_time":138.7636596},
{"learn":[0.001403457532],"iteration":165,"passed_time":27.57914074,"remaining_time":138.5602613},
{"learn":[0.001403457532],"iteration":166,"passed_time":27.76705287,"remaining_time":138.5027248},
{"learn":[0.001403457532],"iteration":167,"passed_time":27.94998791,"remaining_time":138.4189877},
{"learn":[0.001403457532],"iteration":168,"passed_time":28.14426786,"remaining_time":138.3898615},
{"learn":[0.001403457532],"iteration":169,"passed_time":28.29800602,"remaining_time":138.1608529},
{"learn":[0.001403457532],"iteration":170,"passed_time":28.46508675,"remaining_time":137.9974088},
{"learn":[0.001403457532],"iteration":171,"passed_time":28.62256532,"remaining_time":137.7876982},
{"learn":[0.001403457532],"iteration":172,"passed_time":28.77713438,"remaining_time":137.5646828},
{"learn":[0.001403457532],"iteration":173,"passed_time":28.93206791,"remaining_time":137.3441844},
{"learn":[0.001403457532],"iteration":174,"passed_time":29.08895974,"remaining_time":137.1336673},
{"learn":[0.001403457532],"iteration":175,"passed_time":29.24874135,"remaining_time":136.9372891},
{"learn":[0.001403457532],"iteration":176,"passed_time":29.40829265,"remaining_time":136.7402534},
{"learn":[0.001403457532],"iteration":177,"passed_time":29.56435255,"remaining_time":136.5275157},
{"learn":[0.001403457532],"iteration":178,"passed_time":29.71932952,"remaining_time":136.3104443},
{"learn":[0.001403457532],"iteration":179,"passed_time":29.88297036,"remaining_time":136.1335316},
{"learn":[0.001403457532],"iteration":180,"passed_time":30.0410855,"remaining_time":135.9317626},
{"learn":[0.001403457532],"iteration":181,"passed_time":30.19481452,"remaining_time":135.7107598},
{"learn":[0.001403457532],"iteration":182,"passed_time":30.35069914,"remaining_time":135.5001158},
{"learn":[0.001403457532],"iteration":183,"passed_time":30.51800337,"remaining_time":135.3407106},
{"learn":[0.001403457532],"iteration":184,"passed_time":30.6843154,"remaining_time":135.1768489},
{"learn":[0.001403457532],"iteration":185,"passed_time":30.83815357,"remaining_time":134.958371},
{"learn":[0.001403457532],"iteration":186,"passed_time":30.99256216,"remaining_time":134.7430644},
{"learn":[0.001403457532],"iteration":187,"passed_time":31.14473084,"remaining_time":134.5187311},
{"learn":[0.001403457532],"iteration":188,"passed_time":31.29800853,"remaining_time":134.2999202},
{"learn":[0.001403457532],"iteration":189,"passed_time":31.46370415,"remaining_time":134.1347387},
{"learn":[0.001403457532],"iteration":190,"passed_time":31.62236302,"remaining_time":133.939747},
{"learn":[0.001403457532],"iteration":191,"passed_time":31.77875634,"remaining_time":133.7355996},
{"learn":[0.001403457532],"iteration":192,"passed_time":31.93404273,"remaining_time":133.5273186},
{"learn":[0.001403457532],"iteration":193,"passed_time":32.09188593,"remaining_time":133.3302065},
{"learn":[0.001403457532],"iteration":194,"passed_time":32.2450061,"remaining_time":133.1139995},
{"learn":[0.001403457532],"iteration":195,"passed_time":32.39973404,"remaining_time":132.9050315},
{"learn":[0.001403457532],"iteration":196,"passed_time":32.56932207,"remaining_time":132.7571859},
{"learn":[0.001403457532],"iteration":197,"passed_time":32.72459946,"remaining_time":132.5511554},
{"learn":[0.001403457532],"iteration":198,"passed_time":32.89038162,"remaining_time":132.387918},
{"learn":[0.001403457532],"iteration":199,"passed_time":33.07862266,"remaining_time":132.3144907},
{"learn":[0.001403457532],"iteration":200,"passed_time":33.2667338,"remaining_time":132.2394045},
{"learn":[0.001403457532],"iteration":201,"passed_time":33.48380401,"remaining_time":132.277602},
{"learn":[0.001403457532],"iteration":202,"passed_time":33.64890677,"remaining_time":132.1092547},
{"learn":[0.001403457532],"iteration":203,"passed_time":33.80380692,"remaining_time":131.9011289},
{"learn":[0.001403457532],"iteration":204,"passed_time":33.95431343,"remaining_time":131.6764838},
{"learn":[0.001403457532],"iteration":205,"passed_time":34.10795628,"remaining_time":131.464647},
{"learn":[0.001403457532],"iteration":206,"passed_time":34.26074104,"remaining_time":131.2500852},
{"learn":[0.001403457532],"iteration":207,"passed_time":34.41768285,"remaining_time":131.0519462},
{"learn":[0.001403457532],"iteration":208,"passed_time":34.58379889,"remaining_time":130.8889231},
{"learn":[0.001403457532],"iteration":209,"passed_time":34.73994378,"remaining_time":130.6883599},
{"learn":[0.001403457532],"iteration":210,"passed_time":34.89692998,"remaining_time":130.4913638},
{"learn":[0.001403457532],"iteration":211,"passed_time":35.05383392,"remaining_time":130.2944393},
{"learn":[0.001403457532],"iteration":212,"passed_time":35.20918419,"remaining_time":130.09215},
{"learn":[0.001403457532],"iteration":213,"passed_time":35.36323022,"remaining_time":129.8855091},
{"learn":[0.001403457532],"iteration":214,"passed_time":35.5316857,"remaining_time":129.7319687},
{"learn":[0.001403457532],"iteration":215,"passed_time":35.68898654,"remaining_time":129.537803},
{"learn":[0.001403457532],"iteration":216,"passed_time":35.84629079,"remaining_time":129.3439893},
{"learn":[0.001403457532],"iteration":217,"passed_time":35.9982943,"remaining_time":129.1314961},
{"learn":[0.001403457532],"iteration":218,"passed_time":36.15069755,"remaining_time":128.9209807},
{"learn":[0.001403457532],"iteration":219,"passed_time":36.30583527,"remaining_time":128.7206887},
{"learn":[0.001403457532],"iteration":220,"passed_time":36.46318054,"remaining_time":128.5285866},
{"learn":[0.001403457532],"iteration":221,"passed_time":36.63100626,"remaining_time":128.3735264},
{"learn":[0.001403457532],"iteration":222,"passed_time":36.78429494,"remaining_time":128.1677003},
{"learn":[0.001403457532],"iteration":223,"passed_time":36.9403129,"remaining_time":127.9717983},
{"learn":[0.001403457532],"iteration":224,"passed_time":37.09629902,"remaining_time":127.7761411},
{"learn":[0.001403457532],"iteration":225,"passed_time":37.25098325,"remaining_time":127.5763762},
{"learn":[0.001403457532],"iteration":226,"passed_time":37.40525893,"remaining_time":127.3756174},
{"learn":[0.001403457532],"iteration":227,"passed_time":37.57060181,"remaining_time":127.2127395},
{"learn":[0.001403457532],"iteration":228,"passed_time":37.72800949,"remaining_time":127.0231236},
{"learn":[0.001403457532],"iteration":229,"passed_time":37.88473981,"remaining_time":126.8315202},
{"learn":[0.001403457532],"iteration":230,"passed_time":38.04227089,"remaining_time":126.6428845},
{"learn":[0.001403457532],"iteration":231,"passed_time":38.2098369,"remaining_time":126.4877359},
{"learn":[0.001403457532],"iteration":232,"passed_time":38.38325967,"remaining_time":126.3517604},
{"learn":[0.001403457532],"iteration":233,"passed_time":38.55165975,"remaining_time":126.199023},
{"learn":[0.001403457532],"iteration":234,"passed_time":38.75126527,"remaining_time":126.1477359},
{"learn":[0.001403457532],"iteration":235,"passed_time":38.92522561,"remaining_time":126.0121711},
{"learn":[0.001403457532],"iteration":236,"passed_time":39.08246096,"remaining_time":125.8224376},
{"learn":[0.001403457532],"iteration":237,"passed_time":39.23308625,"remaining_time":125.611814},
{"learn":[0.001403457532],"iteration":238,"passed_time":39.39153358,"remaining_time":125.4265986},
{"learn":[0.001403457532],"iteration":239,"passed_time":39.55057419,"remaining_time":125.2434849},
{"learn":[0.001403457532],"iteration":240,"passed_time":39.70681624,"remaining_time":125.0517574},
{"learn":[0.001403457532],"iteration":241,"passed_time":39.86468028,"remaining_time":124.8654035},
{"learn":[0.001403457532],"iteration":242,"passed_time":40.0219316,"remaining_time":124.6773754},
{"learn":[0.001403457532],"iteration":243,"passed_time":40.1766781,"remaining_time":124.4818387},
{"learn":[0.001403457532],"iteration":244,"passed_time":40.33099332,"remaining_time":124.285306},
{"learn":[0.001403457532],"iteration":245,"passed_time":40.48759074,"remaining_time":124.0961114},
{"learn":[0.001403457532],"iteration":246,"passed_time":40.65810758,"remaining_time":123.9496154},
{"learn":[0.001403457532],"iteration":247,"passed_time":40.81647658,"remaining_time":123.7660903},
{"learn":[0.001403457532],"iteration":248,"passed_time":40.97439299,"remaining_time":123.5814021},
{"learn":[0.001403457532],"iteration":249,"passed_time":41.12751629,"remaining_time":123.3825489},
{"learn":[0.001403457532],"iteration":250,"passed_time":41.28242613,"remaining_time":123.1893911},
{"learn":[0.001403457532],"iteration":251,"passed_time":41.43977987,"remaining_time":123.0037911},
{"learn":[0.001403457532],"iteration":252,"passed_time":41.60459622,"remaining_time":122.8404481},
{"learn":[0.001403457532],"iteration":253,"passed_time":41.76084387,"remaining_time":122.6519273},
{"learn":[0.001403457532],"iteration":254,"passed_time":41.91904413,"remaining_time":122.4693642},
{"learn":[0.001403457532],"iteration":255,"passed_time":42.07571363,"remaining_time":122.2825427},
{"learn":[0.001403457532],"iteration":256,"passed_time":42.23366445,"remaining_time":122.0996603},
{"learn":[0.001403457532],"iteration":257,"passed_time":42.38879005,"remaining_time":121.9088458},
{"learn":[0.001403457532],"iteration":258,"passed_time":42.5429905,"remaining_time":121.7156601},
{"learn":[0.001403457532],"iteration":259,"passed_time":42.70687413,"remaining_time":121.5503341},
{"learn":[0.001403457532],"iteration":260,"passed_time":42.86364529,"remaining_time":121.3648807},
{"learn":[0.001403457532],"iteration":261,"passed_time":43.01941473,"remaining_time":121.1768247},
{"learn":[0.001403457532],"iteration":262,"passed_time":43.17243143,"remaining_time":120.9813002},
{"learn":[0.001403457532],"iteration":263,"passed_time":43.32609044,"remaining_time":120.7878885},
{"learn":[0.001403457532],"iteration":264,"passed_time":43.5135664,"remaining_time":120.688571},
{"learn":[0.001403457532],"iteration":265,"passed_time":43.67886906,"remaining_time":120.5274056},
{"learn":[0.001403457532],"iteration":266,"passed_time":43.85274723,"remaining_time":120.3897518},
{"learn":[0.001403457532],"iteration":267,"passed_time":44.05349849,"remaining_time":120.3252272},
{"learn":[0.001403457532],"iteration":268,"passed_time":44.21069299,"remaining_time":120.1413256},
{"learn":[0.001403457532],"iteration":269,"passed_time":44.36784207,"remaining_time":119.9574989},
{"learn":[0.001403457532],"iteration":270,"passed_time":44.52548406,"remaining_time":119.7751951},
{"learn":[0.001403457532],"iteration":271,"passed_time":44.69697886,"remaining_time":119.6301493},
{"learn":[0.001403457532],"iteration":272,"passed_time":44.85558799,"remaining_time":119.4505951},
{"learn":[0.001403457532],"iteration":273,"passed_time":45.00880421,"remaining_time":119.2569046},
{"learn":[0.001403457532],"iteration":274,"passed_time":45.16337296,"remaining_time":119.0670742},
{"learn":[0.001403457532],"iteration":275,"passed_time":45.32109673,"remaining_time":118.8857755},
{"learn":[0.001403457532],"iteration":276,"passed_time":45.47944487,"remaining_time":118.7062767},
{"learn":[0.001403457532],"iteration":277,"passed_time":45.64307426,"remaining_time":118.5406461},
{"learn":[0.001403457532],"iteration":278,"passed_time":45.80143638,"remaining_time":118.361418},
{"learn":[0.001403457532],"iteration":279,"passed_time":45.95719586,"remaining_time":118.1756465},
{"learn":[0.001403457532],"iteration":280,"passed_time":46.1123764,"remaining_time":117.9886072},
{"learn":[0.001403457532],"iteration":281,"passed_time":46.26827786,"remaining_time":117.8036295},
{"learn":[0.001403457532],"iteration":282,"passed_time":46.42551899,"remaining_time":117.6222513},
{"learn":[0.001403457532],"iteration":283,"passed_time":46.58169357,"remaining_time":117.4383542},
{"learn":[0.001403457532],"iteration":284,"passed_time":46.7464533,"remaining_time":117.2761899},
{"learn":[0.001403457532],"iteration":285,"passed_time":46.90059314,"remaining_time":117.0874948},
{"learn":[0.001403457532],"iteration":286,"passed_time":47.05803622,"remaining_time":116.9072468},
{"learn":[0.001403457532],"iteration":287,"passed_time":47.21453331,"remaining_time":116.7248185},
{"learn":[0.001403457532],"iteration":288,"passed_time":47.37115195,"remaining_time":116.5428686},
{"learn":[0.001403457532],"iteration":289,"passed_time":47.52750456,"remaining_time":116.3604422},
{"learn":[0.001403457532],"iteration":290,"passed_time":47.69063684,"remaining_time":116.1947131},
{"learn":[0.001403457532],"iteration":291,"passed_time":47.85109547,"remaining_time":116.0225192},
{"learn":[0.001403457532],"iteration":292,"passed_time":48.00405501,"remaining_time":115.8323102},
{"learn":[0.001403457532],"iteration":293,"passed_time":48.15965176,"remaining_time":115.6486876},
{"learn":[0.001403457532],"iteration":294,"passed_time":48.32178377,"remaining_time":115.4808731},
{"learn":[0.001403457532],"iteration":295,"passed_time":48.47744879,"remaining_time":115.297716},
{"learn":[0.001403457532],"iteration":296,"passed_time":48.65165893,"remaining_time":115.1586405},
{"learn":[0.001403457532],"iteration":297,"passed_time":48.8358041,"remaining_time":115.0427332},
{"learn":[0.001403457532],"iteration":298,"passed_time":48.99479386,"remaining_time":114.867393},
{"learn":[0.001403457532],"iteration":299,"passed_time":49.17554683,"remaining_time":114.7429426},
{"learn":[0.001403457532],"iteration":300,"passed_time":49.36282114,"remaining_time":114.6332624},
{"learn":[0.001403457532],"iteration":301,"passed_time":49.5205983,"remaining_time":114.4548928},
{"learn":[0.001403457532],"iteration":302,"passed_time":49.6859367,"remaining_time":114.2940524},
{"learn":[0.001403457532],"iteration":303,"passed_time":49.84640572,"remaining_time":114.1220342},
{"learn":[0.001403457532],"iteration":304,"passed_time":50.00041091,"remaining_time":113.9353626},
{"learn":[0.001403457532],"iteration":305,"passed_time":50.1546194,"remaining_time":113.7493656},
{"learn":[0.001403457532],"iteration":306,"passed_time":50.31195702,"remaining_time":113.5706391},
{"learn":[0.001403457532],"iteration":307,"passed_time":50.46624522,"remaining_time":113.3852003},
{"learn":[0.001403457532],"iteration":308,"passed_time":50.62131374,"remaining_time":113.2017081},
{"learn":[0.001403457532],"iteration":309,"passed_time":50.79498519,"remaining_time":113.0598057},
{"learn":[0.001403457532],"iteration":310,"passed_time":50.94935843,"remaining_time":112.8749452},
{"learn":[0.001403457532],"iteration":311,"passed_time":51.10066055,"remaining_time":112.6835079},
{"learn":[0.001403457532],"iteration":312,"passed_time":51.25577554,"remaining_time":112.5006958},
{"learn":[0.001403457532],"iteration":313,"passed_time":51.41319486,"remaining_time":112.3230945},
{"learn":[0.001403457532],"iteration":314,"passed_time":51.57040869,"remaining_time":112.1451744},
{"learn":[0.001403457532],"iteration":315,"passed_time":51.73231162,"remaining_time":111.9775353},
{"learn":[0.001403457532],"iteration":316,"passed_time":51.89363819,"remaining_time":111.8086905},
{"learn":[0.001403457532],"iteration":317,"passed_time":52.05086895,"remaining_time":111.6311089},
{"learn":[0.001403457532],"iteration":318,"passed_time":52.20461852,"remaining_time":111.4462232},
{"learn":[0.001403457532],"iteration":319,"passed_time":52.36221946,"remaining_time":111.2697164},
{"learn":[0.001403457532],"iteration":320,"passed_time":52.51876294,"remaining_time":111.0910905},
{"learn":[0.001403457532],"iteration":321,"passed_time":52.66972167,"remaining_time":110.9008425},
{"learn":[0.001403457532],"iteration":322,"passed_time":52.83708179,"remaining_time":110.7452148},
{"learn":[0.001403457532],"iteration":323,"passed_time":53.01429733,"remaining_time":110.6100771},
{"learn":[0.001403457532],"iteration":324,"passed_time":53.18848866,"remaining_time":110.4683995},
{"learn":[0.001403457532],"iteration":325,"passed_time":53.35819762,"remaining_time":110.3172552},
{"learn":[0.001403457532],"iteration":326,"passed_time":53.51955772,"remaining_time":110.1488145},
{"learn":[0.001403457532],"iteration":327,"passed_time":53.69035881,"remaining_time":109.9997595},
{"learn":[0.001403457532],"iteration":328,"passed_time":53.86640873,"remaining_time":109.8612774},
{"learn":[0.001403457532],"iteration":329,"passed_time":54.0687013,"remaining_time":109.7758481},
{"learn":[0.001403457532],"iteration":330,"passed_time":54.23332541,"remaining_time":109.6135792},
{"learn":[0.001403457532],"iteration":331,"passed_time":54.40423978,"remaining_time":109.4639523},
{"learn":[0.001403457532],"iteration":332,"passed_time":54.6011385,"remaining_time":109.3662444},
{"learn":[0.001403457532],"iteration":333,"passed_time":54.77453774,"remaining_time":109.2210842},
{"learn":[0.001403457532],"iteration":334,"passed_time":54.93504316,"remaining_time":109.0501603},
{"learn":[0.001403457532],"iteration":335,"passed_time":55.08845686,"remaining_time":108.8652838},
{"learn":[0.001403457532],"iteration":336,"passed_time":55.24205335,"remaining_time":108.6809536},
{"learn":[0.001403457532],"iteration":337,"passed_time":55.40677351,"remaining_time":108.5185919},
{"learn":[0.001403457532],"iteration":338,"passed_time":55.56602743,"remaining_time":108.3455579},
{"learn":[0.001403457532],"iteration":339,"passed_time":55.73154278,"remaining_time":108.1847595},
{"learn":[0.001403457532],"iteration":340,"passed_time":55.89414364,"remaining_time":108.0183011},
{"learn":[0.001403457532],"iteration":341,"passed_time":56.06331819,"remaining_time":107.8645128},
{"learn":[0.001403457532],"iteration":342,"passed_time":56.21682873,"remaining_time":107.6806311},
{"learn":[0.001403457532],"iteration":343,"passed_time":56.37935828,"remaining_time":107.5141251},
{"learn":[0.001403457532],"iteration":344,"passed_time":56.55799028,"remaining_time":107.3782134},
{"learn":[0.001403457532],"iteration":345,"passed_time":56.73031483,"remaining_time":107.2301326},
{"learn":[0.001403457532],"iteration":346,"passed_time":56.90119065,"remaining_time":107.0791859},
{"learn":[0.001403457532],"iteration":347,"passed_time":57.07294271,"remaining_time":106.9297662},
{"learn":[0.001403457532],"iteration":348,"passed_time":57.25096497,"remaining_time":106.7919146},
{"learn":[0.001403457532],"iteration":349,"passed_time":57.42167216,"remaining_time":106.6402483},
{"learn":[0.001403457532],"iteration":350,"passed_time":57.59543998,"remaining_time":106.4941326},
{"learn":[0.001403457532],"iteration":351,"passed_time":57.77432543,"remaining_time":106.3572809},
{"learn":[0.001403457532],"iteration":352,"passed_time":57.93804849,"remaining_time":106.1924005},
{"learn":[0.001403457532],"iteration":353,"passed_time":58.10297553,"remaining_time":106.0297237},
{"learn":[0.001403457532],"iteration":354,"passed_time":58.26051679,"remaining_time":105.853615},
{"learn":[0.001403457532],"iteration":355,"passed_time":58.42742085,"remaining_time":105.6945478},
{"learn":[0.001403457532],"iteration":356,"passed_time":58.59997698,"remaining_time":105.5456168},
{"learn":[0.001403457532],"iteration":357,"passed_time":58.7537982,"remaining_time":105.3629565},
{"learn":[0.001403457532],"iteration":358,"passed_time":58.91390889,"remaining_time":105.1916869},
{"learn":[0.001403457532],"iteration":359,"passed_time":59.07856204,"remaining_time":105.0285547},
{"learn":[0.001403457532],"iteration":360,"passed_time":59.34142375,"remaining_time":105.0392515},
{"learn":[0.001403457532],"iteration":361,"passed_time":59.52424422,"remaining_time":104.9073696},
{"learn":[0.001403457532],"iteration":362,"passed_time":59.71845349,"remaining_time":104.7951925},
{"learn":[0.001403457532],"iteration":363,"passed_time":59.91968491,"remaining_time":104.6948341},
{"learn":[0.001403457532],"iteration":364,"passed_time":60.10736376,"remaining_time":104.5703452},
{"learn":[0.001403457532],"iteration":365,"passed_time":60.26348997,"remaining_time":104.3908542},
{"learn":[0.001403457532],"iteration":366,"passed_time":60.41816747,"remaining_time":104.2089919},
{"learn":[0.001403457532],"iteration":367,"passed_time":60.59178006,"remaining_time":104.0597962},
{"learn":[0.001403457532],"iteration":368,"passed_time":60.79900083,"remaining_time":103.9679391},
{"learn":[0.001403457532],"iteration":369,"passed_time":60.96486917,"remaining_time":103.8050475},
{"learn":[0.001403457532],"iteration":370,"passed_time":61.12984619,"remaining_time":103.6406287},
{"learn":[0.001403457532],"iteration":371,"passed_time":61.31205802,"remaining_time":103.5053022},
{"learn":[0.001403457532],"iteration":372,"passed_time":61.48382295,"remaining_time":103.3521635},
{"learn":[0.001403457532],"iteration":373,"passed_time":61.66343129,"remaining_time":103.2120534},
{"learn":[0.001403457532],"iteration":374,"passed_time":61.83030179,"remaining_time":103.050503},
{"learn":[0.001403457532],"iteration":375,"passed_time":61.9879574,"remaining_time":102.8736314},
{"learn":[0.001403457532],"iteration":376,"passed_time":62.14390448,"remaining_time":102.6940384},
{"learn":[0.001403457532],"iteration":377,"passed_time":62.30129123,"remaining_time":102.5169395},
{"learn":[0.001403457532],"iteration":378,"passed_time":62.45859654,"remaining_time":102.3398112},
{"learn":[0.001403457532],"iteration":379,"passed_time":62.6215311,"remaining_time":102.1719718},
{"learn":[0.001403457532],"iteration":380,"passed_time":62.79731023,"remaining_time":102.0250263},
{"learn":[0.001403457532],"iteration":381,"passed_time":62.96663377,"remaining_time":101.8674861},
{"learn":[0.001403457532],"iteration":382,"passed_time":63.1585072,"remaining_time":101.7462113},
{"learn":[0.001403457532],"iteration":383,"passed_time":63.32405497,"remaining_time":101.5823382},
{"learn":[0.001403457532],"iteration":384,"passed_time":63.4935856,"remaining_time":101.4248186},
{"learn":[0.001403457532],"iteration":385,"passed_time":63.6643081,"remaining_time":101.2691326},
{"learn":[0.001403457532],"iteration":386,"passed_time":63.82989622,"remaining_time":101.1052361},
{"learn":[0.001403457532],"iteration":387,"passed_time":64.01779698,"remaining_time":100.9765251},
{"learn":[0.001403457532],"iteration":388,"passed_time":64.17808005,"remaining_time":100.8041309},
{"learn":[0.001403457532],"iteration":389,"passed_time":64.33738708,"remaining_time":100.6302721},
{"learn":[0.001403457532],"iteration":390,"passed_time":64.51555735,"remaining_time":100.4858681},
{"learn":[0.001403457532],"iteration":391,"passed_time":64.67640994,"remaining_time":100.3144317},
{"learn":[0.001403457532],"iteration":392,"passed_time":64.86317148,"remaining_time":100.1830664},
{"learn":[0.001403457532],"iteration":393,"passed_time":65.04193358,"remaining_time":100.0391161},
{"learn":[0.001403457532],"iteration":394,"passed_time":65.22402617,"remaining_time":99.90009071},
{"learn":[0.001403457532],"iteration":395,"passed_time":65.40191515,"remaining_time":99.75443623},
{"learn":[0.001403457532],"iteration":396,"passed_time":65.58294561,"remaining_time":99.61339093},
{"learn":[0.001403457532],"iteration":397,"passed_time":65.73831817,"remaining_time":99.43333552},
{"learn":[0.001403457532],"iteration":398,"passed_time":65.90210032,"remaining_time":99.26607091},
{"learn":[0.001403457532],"iteration":399,"passed_time":66.06058928,"remaining_time":99.09088392},
{"learn":[0.001403457532],"iteration":400,"passed_time":66.21437412,"remaining_time":98.90875337},
{"learn":[0.001403457532],"iteration":401,"passed_time":66.37334262,"remaining_time":98.73447485},
{"learn":[0.001403457532],"iteration":402,"passed_time":66.53037801,"remaining_time":98.55740861},
{"learn":[0.001403457532],"iteration":403,"passed_time":66.6880478,"remaining_time":98.38137745},
{"learn":[0.001403457532],"iteration":404,"passed_time":66.8422877,"remaining_time":98.20039797},
{"learn":[0.001403457532],"iteration":405,"passed_time":67.00771551,"remaining_time":98.03591875},
{"learn":[0.001403457532],"iteration":406,"passed_time":67.16887525,"remaining_time":97.86521627},
{"learn":[0.001403457532],"iteration":407,"passed_time":67.32159218,"remaining_time":97.68231023},
{"learn":[0.001403457532],"iteration":408,"passed_time":67.60518663,"remaining_time":97.68866822},
{"learn":[0.001403457532],"iteration":409,"passed_time":67.77036639,"remaining_time":97.52321017},
{"learn":[0.001403457532],"iteration":410,"passed_time":67.92501229,"remaining_time":97.34265751},
{"learn":[0.001403457532],"iteration":411,"passed_time":68.0898904,"remaining_time":97.17683387},
{"learn":[0.001403457532],"iteration":412,"passed_time":68.25962554,"remaining_time":97.01791814},
{"learn":[0.001403457532],"iteration":413,"passed_time":68.4380051,"remaining_time":96.87118596},
{"learn":[0.001403457532],"iteration":414,"passed_time":68.60829461,"remaining_time":96.71289722},
{"learn":[0.001403457532],"iteration":415,"passed_time":68.77520748,"remaining_time":96.5498105},
{"learn":[0.001403457532],"iteration":416,"passed_time":68.94077383,"remaining_time":96.38482288},
{"learn":[0.001403457532],"iteration":417,"passed_time":69.09810403,"remaining_time":96.20836493},
{"learn":[0.001403457532],"iteration":418,"passed_time":69.25541683,"remaining_time":96.03197417},
{"learn":[0.001403457532],"iteration":419,"passed_time":69.4115373,"remaining_time":95.8540277},
{"learn":[0.001403457532],"iteration":420,"passed_time":69.57784311,"remaining_time":95.69019278},
{"learn":[0.001403457532],"iteration":421,"passed_time":69.74344338,"remaining_time":95.52537979},
{"learn":[0.001403457532],"iteration":422,"passed_time":69.91560163,"remaining_time":95.36950861},
{"learn":[0.001403457532],"iteration":423,"passed_time":70.1264884,"remaining_time":95.26617292},
{"learn":[0.001403457532],"iteration":424,"passed_time":70.33785485,"remaining_time":95.16298009},
{"learn":[0.001403457532],"iteration":425,"passed_time":70.51846143,"remaining_time":95.017833},
{"learn":[0.001403457532],"iteration":426,"passed_time":70.68896406,"remaining_time":94.85896115},
{"learn":[0.001403457532],"iteration":427,"passed_time":70.84415136,"remaining_time":94.67956677},
{"learn":[0.001403457532],"iteration":428,"passed_time":70.99722966,"remaining_time":94.49747818},
{"learn":[0.001403457532],"iteration":429,"passed_time":71.15542497,"remaining_time":94.32230751},
{"learn":[0.001403457532],"iteration":430,"passed_time":71.31092225,"remaining_time":94.14365374},
{"learn":[0.001403457532],"iteration":431,"passed_time":71.46948879,"remaining_time":93.96914267},
{"learn":[0.001403457532],"iteration":432,"passed_time":71.63625398,"remaining_time":93.80544113},
{"learn":[0.001403457532],"iteration":433,"passed_time":71.7925525,"remaining_time":93.62807538},
{"learn":[0.001403457532],"iteration":434,"passed_time":71.94820114,"remaining_time":93.4499624},
{"learn":[0.001403457532],"iteration":435,"passed_time":72.1045797,"remaining_time":93.27289668},
{"learn":[0.001403457532],"iteration":436,"passed_time":72.26050567,"remaining_time":93.09534255},
{"learn":[0.001403457532],"iteration":437,"passed_time":72.41843717,"remaining_time":92.92046047},
{"learn":[0.001403457532],"iteration":438,"passed_time":72.58600752,"remaining_time":92.75797316},
{"learn":[0.001403457532],"iteration":439,"passed_time":72.74782143,"remaining_time":92.58813637},
{"learn":[0.001403457532],"iteration":440,"passed_time":72.90239768,"remaining_time":92.40916169},
{"learn":[0.001403457532],"iteration":441,"passed_time":73.06075496,"remaining_time":92.23507074},
{"learn":[0.001403457532],"iteration":442,"passed_time":73.21640055,"remaining_time":92.05764133},
{"learn":[0.001403457532],"iteration":443,"passed_time":73.3712719,"remaining_time":91.87934049},
{"learn":[0.001403457532],"iteration":444,"passed_time":73.52904362,"remaining_time":91.70476226},
{"learn":[0.001403457532],"iteration":445,"passed_time":73.69605787,"remaining_time":91.54174004},
{"learn":[0.001403457532],"iteration":446,"passed_time":73.85179918,"remaining_time":91.36475379},
{"learn":[0.001403457532],"iteration":447,"passed_time":74.00844561,"remaining_time":91.18897763},
{"learn":[0.001403457532],"iteration":448,"passed_time":74.16655846,"remaining_time":91.01508622},
{"learn":[0.001403457532],"iteration":449,"passed_time":74.31633532,"remaining_time":90.8310765},
{"learn":[0.001403457532],"iteration":450,"passed_time":74.47137828,"remaining_time":90.65362899},
{"learn":[0.001403457532],"iteration":451,"passed_time":74.63985383,"remaining_time":90.49256614},
{"learn":[0.001403457532],"iteration":452,"passed_time":74.79937253,"remaining_time":90.32065513},
{"learn":[0.001403457532],"iteration":453,"passed_time":74.95820873,"remaining_time":90.1479779},
{"learn":[0.001403457532],"iteration":454,"passed_time":75.11093295,"remaining_time":89.96804057},
{"learn":[0.001403457532],"iteration":455,"passed_time":75.28820801,"remaining_time":89.81751131},
{"learn":[0.001403457532],"iteration":456,"passed_time":75.48785201,"remaining_time":89.69344341},
{"learn":[0.001403457532],"iteration":457,"passed_time":75.68557386,"remaining_time":89.56677082},
{"learn":[0.001403457532],"iteration":458,"passed_time":75.86728106,"remaining_time":89.42091297},
{"learn":[0.001403457532],"iteration":459,"passed_time":76.02670057,"remaining_time":89.24873546},
{"learn":[0.001403457532],"iteration":460,"passed_time":76.18112878,"remaining_time":89.07077747},
{"learn":[0.001403457532],"iteration":461,"passed_time":76.338527,"remaining_time":88.89637993},
{"learn":[0.001403457532],"iteration":462,"passed_time":76.49358633,"remaining_time":88.71934311},
{"learn":[0.001403457532],"iteration":463,"passed_time":76.65732269,"remaining_time":88.55242449},
{"learn":[0.001403457532],"iteration":464,"passed_time":76.81281086,"remaining_time":88.3760297},
{"learn":[0.001403457532],"iteration":465,"passed_time":76.96884204,"remaining_time":88.20034688},
{"learn":[0.001403457532],"iteration":466,"passed_time":77.12681041,"remaining_time":88.0269592},
{"learn":[0.001403457532],"iteration":467,"passed_time":77.28316736,"remaining_time":87.85180563},
{"learn":[0.001403457532],"iteration":468,"passed_time":77.43968301,"remaining_time":87.67691189},
{"learn":[0.001403457532],"iteration":469,"passed_time":77.60330272,"remaining_time":87.51010733},
{"learn":[0.001403457532],"iteration":470,"passed_time":77.76331385,"remaining_time":87.33926333},
{"learn":[0.001403457532],"iteration":471,"passed_time":77.92480816,"remaining_time":87.17012438},
{"learn":[0.001403457532],"iteration":472,"passed_time":78.08023345,"remaining_time":86.99425588},
{"learn":[0.001403457532],"iteration":473,"passed_time":78.23619662,"remaining_time":86.81907052},
{"learn":[0.001403457532],"iteration":474,"passed_time":78.39343564,"remaining_time":86.64537623},
{"learn":[0.001403457532],"iteration":475,"passed_time":78.55105009,"remaining_time":86.47216439},
{"learn":[0.001403457532],"iteration":476,"passed_time":78.71685349,"remaining_time":86.3079966},
{"learn":[0.001403457532],"iteration":477,"passed_time":78.87543879,"remaining_time":86.13593943},
{"learn":[0.001403457532],"iteration":478,"passed_time":79.02865713,"remaining_time":85.95810097},
{"learn":[0.001403457532],"iteration":479,"passed_time":79.18433202,"remaining_time":85.78302635},
{"learn":[0.001403457532],"iteration":480,"passed_time":79.34224725,"remaining_time":85.61044974},
{"learn":[0.001403457532],"iteration":481,"passed_time":79.49741182,"remaining_time":85.43497785},
{"learn":[0.001403457532],"iteration":482,"passed_time":79.6578506,"remaining_time":85.26523553},
{"learn":[0.001403457532],"iteration":483,"passed_time":79.81559383,"remaining_time":85.09265788},
{"learn":[0.001403457532],"iteration":484,"passed_time":79.97276354,"remaining_time":84.91953241},
{"learn":[0.001403457532],"iteration":485,"passed_time":80.1294479,"remaining_time":84.7459593},
{"learn":[0.001403457532],"iteration":486,"passed_time":80.2855598,"remaining_time":84.57185252},
{"learn":[0.001403457532],"iteration":487,"passed_time":80.45365755,"remaining_time":84.41039481},
{"learn":[0.001403457532],"iteration":488,"passed_time":80.65427391,"remaining_time":84.28289155},
{"learn":[0.001403457532],"iteration":489,"passed_time":80.85465669,"remaining_time":84.15484676},
{"learn":[0.001403457532],"iteration":490,"passed_time":81.05185228,"remaining_time":84.02320328},
{"learn":[0.001403457532],"iteration":491,"passed_time":81.2157986,"remaining_time":83.85696278},
{"learn":[0.001403457532],"iteration":492,"passed_time":81.3715811,"remaining_time":83.68233594},
{"learn":[0.001403457532],"iteration":493,"passed_time":81.52660875,"remaining_time":83.5070122},
{"learn":[0.001403457532],"iteration":494,"passed_time":81.69312228,"remaining_time":83.34348838},
{"learn":[0.001403457532],"iteration":495,"passed_time":81.85314247,"remaining_time":83.17335445},
{"learn":[0.001403457532],"iteration":496,"passed_time":82.0100121,"remaining_time":83.00007261},
{"learn":[0.001403457532],"iteration":497,"passed_time":82.16518311,"remaining_time":82.82514442},
{"learn":[0.001403457532],"iteration":498,"passed_time":82.32091619,"remaining_time":82.65085974},
{"learn":[0.001403457532],"iteration":499,"passed_time":82.47553849,"remaining_time":82.47553849},
{"learn":[0.001403457532],"iteration":500,"passed_time":82.62976858,"remaining_time":82.29990923},
{"learn":[0.001403457532],"iteration":501,"passed_time":82.79842636,"remaining_time":82.13867794},
{"learn":[0.001403457532],"iteration":502,"passed_time":82.95908409,"remaining_time":81.96951251},
{"learn":[0.001403457532],"iteration":503,"passed_time":83.11129452,"remaining_time":81.79206762},
{"learn":[0.001403457532],"iteration":504,"passed_time":83.26628613,"remaining_time":81.61744878},
{"learn":[0.001403457532],"iteration":505,"passed_time":83.46764028,"remaining_time":81.48817055},
{"learn":[0.001403457532],"iteration":506,"passed_time":83.62795345,"remaining_time":81.3187003},
{"learn":[0.001403457532],"iteration":507,"passed_time":83.79583815,"remaining_time":81.15659915},
{"learn":[0.001403457532],"iteration":508,"passed_time":83.95439694,"remaining_time":80.98547917},
{"learn":[0.001403457532],"iteration":509,"passed_time":84.119981,"remaining_time":80.82115821},
{"learn":[0.001403457532],"iteration":510,"passed_time":84.30108474,"remaining_time":80.67168383},
{"learn":[0.001403457532],"iteration":511,"passed_time":84.45737351,"remaining_time":80.49843413},
{"learn":[0.001403457532],"iteration":512,"passed_time":84.61594735,"remaining_time":80.3274198},
{"learn":[0.001403457532],"iteration":513,"passed_time":84.78142238,"remaining_time":80.16297914},
{"learn":[0.001403457532],"iteration":514,"passed_time":84.94130747,"remaining_time":79.99327014},
{"learn":[0.001403457532],"iteration":515,"passed_time":85.09366903,"remaining_time":79.81654227},
{"learn":[0.001403457532],"iteration":516,"passed_time":85.24733058,"remaining_time":79.64112315},
{"learn":[0.001403457532],"iteration":517,"passed_time":85.40236442,"remaining_time":79.46706496},
{"learn":[0.001403457532],"iteration":518,"passed_time":85.55562955,"remaining_time":79.29144087},
{"learn":[0.001403457532],"iteration":519,"passed_time":85.72009871,"remaining_time":79.12624497},
{"learn":[0.001403457532],"iteration":520,"passed_time":85.91283716,"remaining_time":78.98704223},
{"learn":[0.001403457532],"iteration":521,"passed_time":86.11183657,"remaining_time":78.85336759},
{"learn":[0.001403457532],"iteration":522,"passed_time":86.30045123,"remaining_time":78.70997177},
{"learn":[0.001403457532],"iteration":523,"passed_time":86.47066369,"remaining_time":78.54968687},
{"learn":[0.001403457532],"iteration":524,"passed_time":86.62571812,"remaining_time":78.37564973},
{"learn":[0.001403457532],"iteration":525,"passed_time":86.79013421,"remaining_time":78.21012095},
{"learn":[0.001403457532],"iteration":526,"passed_time":86.94202014,"remaining_time":78.03335014},
{"learn":[0.001403457532],"iteration":527,"passed_time":87.0971281,"remaining_time":77.85955391},
{"learn":[0.001403457532],"iteration":528,"passed_time":87.25375872,"remaining_time":77.68718404},
{"learn":[0.001403457532],"iteration":529,"passed_time":87.41035494,"remaining_time":77.51484306},
{"learn":[0.001403457532],"iteration":530,"passed_time":87.56560828,"remaining_time":77.3413753},
{"learn":[0.001403457532],"iteration":531,"passed_time":87.72755392,"remaining_time":77.17386322},
{"learn":[0.001403457532],"iteration":532,"passed_time":87.88985179,"remaining_time":77.00668065},
{"learn":[0.001403457532],"iteration":533,"passed_time":88.04807216,"remaining_time":76.8359581},
{"learn":[0.001403457532],"iteration":534,"passed_time":88.20879701,"remaining_time":76.66745908},
{"learn":[0.001403457532],"iteration":535,"passed_time":88.3616314,"remaining_time":76.49215853},
{"learn":[0.001403457532],"iteration":536,"passed_time":88.51427534,"remaining_time":76.31677743},
{"learn":[0.001403457532],"iteration":537,"passed_time":88.67191195,"remaining_time":76.14576825},
{"learn":[0.001403457532],"iteration":538,"passed_time":88.83783585,"remaining_time":75.98189671},
{"learn":[0.001403457532],"iteration":539,"passed_time":88.99491683,"remaining_time":75.81048471},
{"learn":[0.001403457532],"iteration":540,"passed_time":89.15283412,"remaining_time":75.63983523},
{"learn":[0.001403457532],"iteration":541,"passed_time":89.30661354,"remaining_time":75.46573616},
{"learn":[0.001403457532],"iteration":542,"passed_time":89.45858706,"remaining_time":75.29019205},
{"learn":[0.001403457532],"iteration":543,"passed_time":89.61500913,"remaining_time":75.11846354},
{"learn":[0.001403457532],"iteration":544,"passed_time":89.78204752,"remaining_time":74.95565435},
{"learn":[0.001403457532],"iteration":545,"passed_time":89.94222303,"remaining_time":74.78712318},
{"learn":[0.001403457532],"iteration":546,"passed_time":90.10102874,"remaining_time":74.61748815},
{"learn":[0.001403457532],"iteration":547,"passed_time":90.25818284,"remaining_time":74.44653037},
{"learn":[0.001403457532],"iteration":548,"passed_time":90.41482253,"remaining_time":74.2752003},
{"learn":[0.001403457532],"iteration":549,"passed_time":90.56914298,"remaining_time":74.10202607},
{"learn":[0.001403457532],"iteration":550,"passed_time":90.72403453,"remaining_time":73.92938567},
{"learn":[0.001403457532],"iteration":551,"passed_time":90.89177545,"remaining_time":73.76723804},
{"learn":[0.001403457532],"iteration":552,"passed_time":91.06439351,"remaining_time":73.60901247},
{"learn":[0.001403457532],"iteration":553,"passed_time":91.24522863,"remaining_time":73.45735012},
{"learn":[0.001403457532],"iteration":554,"passed_time":91.43957457,"remaining_time":73.31641565},
{"learn":[0.001403457532],"iteration":555,"passed_time":91.62535799,"remaining_time":73.16845134},
{"learn":[0.001403457532],"iteration":556,"passed_time":91.78372593,"remaining_time":72.99854683},
{"learn":[0.001403457532],"iteration":557,"passed_time":91.94529192,"remaining_time":72.8312169},
{"learn":[0.001403457532],"iteration":558,"passed_time":92.10003922,"remaining_time":72.65852825},
{"learn":[0.001403457532],"iteration":559,"passed_time":92.25450073,"remaining_time":72.48567915},
{"learn":[0.001403457532],"iteration":560,"passed_time":92.40683067,"remaining_time":72.31122756},
{"learn":[0.001403457532],"iteration":561,"passed_time":92.56723386,"remaining_time":72.14314668},
{"learn":[0.001403457532],"iteration":562,"passed_time":92.76746548,"remaining_time":72.00600784},
{"learn":[0.001403457532],"iteration":563,"passed_time":92.94881378,"remaining_time":71.85404753},
{"learn":[0.001403457532],"iteration":564,"passed_time":93.10415515,"remaining_time":71.68196016},
{"learn":[0.001403457532],"iteration":565,"passed_time":93.26405784,"remaining_time":71.51342951},
{"learn":[0.001403457532],"iteration":566,"passed_time":93.42577492,"remaining_time":71.34631489},
{"learn":[0.001403457532],"iteration":567,"passed_time":93.6282514,"remaining_time":71.21021937},
{"learn":[0.001403457532],"iteration":568,"passed_time":93.79585597,"remaining_time":71.04747614},
{"learn":[0.001403457532],"iteration":569,"passed_time":93.95703131,"remaining_time":70.87986572},
{"learn":[0.001403457532],"iteration":570,"passed_time":94.11068375,"remaining_time":70.7066258},
{"learn":[0.001403457532],"iteration":571,"passed_time":94.2646773,"remaining_time":70.53370959},
{"learn":[0.001403457532],"iteration":572,"passed_time":94.41949576,"remaining_time":70.36147415},
{"learn":[0.001403457532],"iteration":573,"passed_time":94.57690121,"remaining_time":70.19121936},
{"learn":[0.001403457532],"iteration":574,"passed_time":94.73240691,"remaining_time":70.01960511},
{"learn":[0.001403457532],"iteration":575,"passed_time":94.89361114,"remaining_time":69.85224153},
{"learn":[0.001403457532],"iteration":576,"passed_time":95.04869021,"remaining_time":69.68040894},
{"learn":[0.001403457532],"iteration":577,"passed_time":95.20568878,"remaining_time":69.51003575},
{"learn":[0.001403457532],"iteration":578,"passed_time":95.35900752,"remaining_time":69.3370331},
{"learn":[0.001403457532],"iteration":579,"passed_time":95.51512092,"remaining_time":69.16612204},
{"learn":[0.001403457532],"iteration":580,"passed_time":95.67260839,"remaining_time":68.99625287},
{"learn":[0.001403457532],"iteration":581,"passed_time":95.83531334,"remaining_time":68.8301735},
{"learn":[0.001403457532],"iteration":582,"passed_time":95.9952148,"remaining_time":68.66210046},
{"learn":[0.001403457532],"iteration":583,"passed_time":96.15091499,"remaining_time":68.49106274},
{"learn":[0.001403457532],"iteration":584,"passed_time":96.306613,"remaining_time":68.32007589},
{"learn":[0.001403457532],"iteration":585,"passed_time":96.49404987,"remaining_time":68.17156424},
{"learn":[0.001403457532],"iteration":586,"passed_time":96.69894495,"remaining_time":68.03520318},
{"learn":[0.001403457532],"iteration":587,"passed_time":96.88748245,"remaining_time":67.88714757},
{"learn":[0.001403457532],"iteration":588,"passed_time":97.05053877,"remaining_time":67.72117391},
{"learn":[0.001403457532],"iteration":589,"passed_time":97.20103477,"remaining_time":67.54648179},
{"learn":[0.001403457532],"iteration":590,"passed_time":97.35534044,"remaining_time":67.37450802},
{"learn":[0.001403457532],"iteration":591,"passed_time":97.5140019,"remaining_time":67.2055959},
{"learn":[0.001403457532],"iteration":592,"passed_time":97.67094627,"remaining_time":67.03553985},
{"learn":[0.001403457532],"iteration":593,"passed_time":97.83880875,"remaining_time":66.87299049},
{"learn":[0.001403457532],"iteration":594,"passed_time":97.9985048,"remaining_time":66.70486461},
{"learn":[0.001403457532],"iteration":595,"passed_time":98.15859443,"remaining_time":66.53703381},
{"learn":[0.001403457532],"iteration":596,"passed_time":98.31642145,"remaining_time":66.36770158},
{"learn":[0.001403457532],"iteration":597,"passed_time":98.47098695,"remaining_time":66.1962153},
{"learn":[0.001403457532],"iteration":598,"passed_time":98.62737703,"remaining_time":66.026007},
{"learn":[0.001403457532],"iteration":599,"passed_time":98.78605039,"remaining_time":65.85736693},
{"learn":[0.001403457532],"iteration":600,"passed_time":98.94781695,"remaining_time":65.69081358},
{"learn":[0.001403457532],"iteration":601,"passed_time":99.10461187,"remaining_time":65.52098925},
{"learn":[0.001403457532],"iteration":602,"passed_time":99.25627405,"remaining_time":65.34782885},
{"learn":[0.001403457532],"iteration":603,"passed_time":99.40819096,"remaining_time":65.17490666},
{"learn":[0.001403457532],"iteration":604,"passed_time":99.56498479,"remaining_time":65.005238},
{"learn":[0.001403457532],"iteration":605,"passed_time":99.72153561,"remaining_time":64.83545385},
{"learn":[0.001403457532],"iteration":606,"passed_time":99.88407679,"remaining_time":64.66959172},
{"learn":[0.001403457532],"iteration":607,"passed_time":100.0392063,"remaining_time":64.49896195},
{"learn":[0.001403457532],"iteration":608,"passed_time":100.2034768,"remaining_time":64.33425195},
{"learn":[0.001403457532],"iteration":609,"passed_time":100.3544832,"remaining_time":64.16106306},
{"learn":[0.001403457532],"iteration":610,"passed_time":100.4946492,"remaining_time":63.98104507},
{"learn":[0.001403457532],"iteration":611,"passed_time":100.6537126,"remaining_time":63.81313808},
{"learn":[0.001403457532],"iteration":612,"passed_time":100.8148637,"remaining_time":63.64657793},
{"learn":[0.001403457532],"iteration":613,"passed_time":100.9700259,"remaining_time":63.47627038},
{"learn":[0.001403457532],"iteration":614,"passed_time":101.1238453,"remaining_time":63.30517147},
{"learn":[0.001403457532],"iteration":615,"passed_time":101.2767449,"remaining_time":63.13355527},
{"learn":[0.001403457532],"iteration":616,"passed_time":101.4278781,"remaining_time":62.96090329},
{"learn":[0.001403457532],"iteration":617,"passed_time":101.5815814,"remaining_time":62.78990953},
{"learn":[0.001403457532],"iteration":618,"passed_time":101.7646728,"remaining_time":62.63706029},
{"learn":[0.001403457532],"iteration":619,"passed_time":101.979309,"remaining_time":62.50344748},
{"learn":[0.001403457532],"iteration":620,"passed_time":102.1716584,"remaining_time":62.35597185},
{"learn":[0.001403457532],"iteration":621,"passed_time":102.3236843,"remaining_time":62.18384673},
{"learn":[0.001403457532],"iteration":622,"passed_time":102.4764941,"remaining_time":62.01226046},
{"learn":[0.001403457532],"iteration":623,"passed_time":102.6514988,"remaining_time":61.85410827},
{"learn":[0.001403457532],"iteration":624,"passed_time":102.8171472,"remaining_time":61.6902883},
{"learn":[0.001403457532],"iteration":625,"passed_time":102.9847714,"remaining_time":61.52764297},
{"learn":[0.001403457532],"iteration":626,"passed_time":103.1376395,"remaining_time":61.35620339},
{"learn":[0.001403457532],"iteration":627,"passed_time":103.2967343,"remaining_time":61.18851139},
{"learn":[0.001403457532],"iteration":628,"passed_time":103.4374836,"remaining_time":61.01002608},
{"learn":[0.001403457532],"iteration":629,"passed_time":103.577976,"remaining_time":60.83150974},
{"learn":[0.001403457532],"iteration":630,"passed_time":103.7221792,"remaining_time":60.65528386},
{"learn":[0.001403457532],"iteration":631,"passed_time":103.8674912,"remaining_time":60.47980498},
{"learn":[0.001403457532],"iteration":632,"passed_time":104.0057386,"remaining_time":60.30032552},
{"learn":[0.001403457532],"iteration":633,"passed_time":104.1511603,"remaining_time":60.12511776},
{"learn":[0.001403457532],"iteration":634,"passed_time":104.298715,"remaining_time":59.9512299},
{"learn":[0.001403457532],"iteration":635,"passed_time":104.453538,"remaining_time":59.78158466},
{"learn":[0.001403457532],"iteration":636,"passed_time":104.6105163,"remaining_time":59.61321416},
{"learn":[0.001403457532],"iteration":637,"passed_time":104.7667456,"remaining_time":59.4444544},
{"learn":[0.001403457532],"iteration":638,"passed_time":104.9312937,"remaining_time":59.28043352},
{"learn":[0.001403457532],"iteration":639,"passed_time":105.0826555,"remaining_time":59.10899371},
{"learn":[0.001403457532],"iteration":640,"passed_time":105.2377825,"remaining_time":58.9397253},
{"learn":[0.001403457532],"iteration":641,"passed_time":105.3934531,"remaining_time":58.77080408},
{"learn":[0.001403457532],"iteration":642,"passed_time":105.5476693,"remaining_time":58.60111654},
{"learn":[0.001403457532],"iteration":643,"passed_time":105.7061779,"remaining_time":58.4338499},
{"learn":[0.001403457532],"iteration":644,"passed_time":105.8726697,"remaining_time":58.27100424},
{"learn":[0.001403457532],"iteration":645,"passed_time":106.0320549,"remaining_time":58.10425301},
{"learn":[0.001403457532],"iteration":646,"passed_time":106.1865659,"remaining_time":57.93486519},
{"learn":[0.001403457532],"iteration":647,"passed_time":106.3463797,"remaining_time":57.76840379},
{"learn":[0.001403457532],"iteration":648,"passed_time":106.5036175,"remaining_time":57.60056973},
{"learn":[0.001403457532],"iteration":649,"passed_time":106.6602877,"remaining_time":57.43246262},
{"learn":[0.001403457532],"iteration":650,"passed_time":106.8159481,"remaining_time":57.26384931},
{"learn":[0.001403457532],"iteration":651,"passed_time":106.9989758,"remaining_time":57.10988279},
{"learn":[0.001403457532],"iteration":652,"passed_time":107.1970451,"remaining_time":56.96382027},
{"learn":[0.001403457532],"iteration":653,"passed_time":107.3910037,"remaining_time":56.81542398},
{"learn":[0.001403457532],"iteration":654,"passed_time":107.5478303,"remaining_time":56.64733048},
{"learn":[0.001403457532],"iteration":655,"passed_time":107.7054185,"remaining_time":56.47967066},
{"learn":[0.001403457532],"iteration":656,"passed_time":107.8738221,"remaining_time":56.31768796},
{"learn":[0.001403457532],"iteration":657,"passed_time":108.033938,"remaining_time":56.15137809},
{"learn":[0.001403457532],"iteration":658,"passed_time":108.1933961,"remaining_time":55.98474669},
{"learn":[0.001403457532],"iteration":659,"passed_time":108.351693,"remaining_time":55.81753882},
{"learn":[0.001403457532],"iteration":660,"passed_time":108.5069618,"remaining_time":55.64880493},
{"learn":[0.001403457532],"iteration":661,"passed_time":108.6655032,"remaining_time":55.48178263},
{"learn":[0.001403457532],"iteration":662,"passed_time":108.8149662,"remaining_time":55.31017135},
{"learn":[0.001403457532],"iteration":663,"passed_time":108.9770389,"remaining_time":55.14500766},
{"learn":[0.001403457532],"iteration":664,"passed_time":109.1343191,"remaining_time":54.97743894},
{"learn":[0.001403457532],"iteration":665,"passed_time":109.2847878,"remaining_time":54.80648518},
{"learn":[0.001403457532],"iteration":666,"passed_time":109.4402826,"remaining_time":54.63810212},
{"learn":[0.001403457532],"iteration":667,"passed_time":109.5939442,"remaining_time":54.46884653},
{"learn":[0.001403457532],"iteration":668,"passed_time":109.7638438,"remaining_time":54.30767157},
{"learn":[0.001403457532],"iteration":669,"passed_time":109.9244939,"remaining_time":54.14191492},
{"learn":[0.001403457532],"iteration":670,"passed_time":110.0894726,"remaining_time":53.97829582},
{"learn":[0.001403457532],"iteration":671,"passed_time":110.2451002,"remaining_time":53.81010845},
{"learn":[0.001403457532],"iteration":672,"passed_time":110.4010417,"remaining_time":53.6421109},
{"learn":[0.001403457532],"iteration":673,"passed_time":110.5624641,"remaining_time":53.47680014},
{"learn":[0.001403457532],"iteration":674,"passed_time":110.7147065,"remaining_time":53.3070809},
{"learn":[0.001403457532],"iteration":675,"passed_time":110.8689832,"remaining_time":53.13838842},
{"learn":[0.001403457532],"iteration":676,"passed_time":111.0149435,"remaining_time":52.96577067},
{"learn":[0.001403457532],"iteration":677,"passed_time":111.1747546,"remaining_time":52.79980971},
{"learn":[0.001403457532],"iteration":678,"passed_time":111.3392143,"remaining_time":52.6360645},
{"learn":[0.001403457532],"iteration":679,"passed_time":111.4995605,"remaining_time":52.47038142},
{"learn":[0.001403457532],"iteration":680,"passed_time":111.6623382,"remaining_time":52.30585297},
{"learn":[0.001403457532],"iteration":681,"passed_time":111.8240656,"remaining_time":52.14083996},
{"learn":[0.001403457532],"iteration":682,"passed_time":111.9901604,"remaining_time":51.97786361},
{"learn":[0.001403457532],"iteration":683,"passed_time":112.1465896,"remaining_time":51.81041274},
{"learn":[0.001403457532],"iteration":684,"passed_time":112.3300217,"remaining_time":51.65541144},
{"learn":[0.001403457532],"iteration":685,"passed_time":112.5516127,"remaining_time":51.51779355},
{"learn":[0.001403457532],"iteration":686,"passed_time":112.7846385,"remaining_time":51.38514096},
{"learn":[0.001403457532],"iteration":687,"passed_time":112.9759561,"remaining_time":51.2332824},
{"learn":[0.001403457532],"iteration":688,"passed_time":113.1317832,"remaining_time":51.06528967},
{"learn":[0.001403457532],"iteration":689,"passed_time":113.2865442,"remaining_time":50.89685321},
{"learn":[0.001403457532],"iteration":690,"passed_time":113.4505603,"remaining_time":50.73259499},
{"learn":[0.001403457532],"iteration":691,"passed_time":113.6072875,"remaining_time":50.5650933},
{"learn":[0.001403457532],"iteration":692,"passed_time":113.7605549,"remaining_time":50.39608997},
{"learn":[0.001403457532],"iteration":693,"passed_time":113.9224573,"remaining_time":50.23093939},
{"learn":[0.001403457532],"iteration":694,"passed_time":114.0819293,"remaining_time":50.06473158},
{"learn":[0.001403457532],"iteration":695,"passed_time":114.2390566,"remaining_time":49.89751897},
{"learn":[0.001403457532],"iteration":696,"passed_time":114.4016999,"remaining_time":49.73273323},
{"learn":[0.001403457532],"iteration":697,"passed_time":114.5629931,"remaining_time":49.56736949},
{"learn":[0.001403457532],"iteration":698,"passed_time":114.72397,"remaining_time":49.4018812},
{"learn":[0.001403457532],"iteration":699,"passed_time":114.8826675,"remaining_time":49.23542893},
{"learn":[0.001403457532],"iteration":700,"passed_time":115.0483109,"remaining_time":49.07196145},
{"learn":[0.001403457532],"iteration":701,"passed_time":115.2058392,"remaining_time":48.90504286},
{"learn":[0.001403457532],"iteration":702,"passed_time":115.3657094,"remaining_time":48.7391404},
{"learn":[0.001403457532],"iteration":703,"passed_time":115.5278755,"remaining_time":48.5742204},
{"learn":[0.001403457532],"iteration":704,"passed_time":115.689306,"remaining_time":48.40900037},
{"learn":[0.001403457532],"iteration":705,"passed_time":115.84963,"remaining_time":48.24333034},
{"learn":[0.001403457532],"iteration":706,"passed_time":116.0086686,"remaining_time":48.0771427},
{"learn":[0.001403457532],"iteration":707,"passed_time":116.1726149,"remaining_time":47.91299936},
{"learn":[0.001403457532],"iteration":708,"passed_time":116.3301742,"remaining_time":47.7462351},
{"learn":[0.001403457532],"iteration":709,"passed_time":116.4882027,"remaining_time":47.57968843},
{"learn":[0.001403457532],"iteration":710,"passed_time":116.6464047,"remaining_time":47.41323623},
{"learn":[0.001403457532],"iteration":711,"passed_time":116.804897,"remaining_time":47.24692463},
{"learn":[0.001403457532],"iteration":712,"passed_time":116.9665827,"remaining_time":47.08192038},
{"learn":[0.001403457532],"iteration":713,"passed_time":117.1311033,"remaining_time":46.918061},
{"learn":[0.001403457532],"iteration":714,"passed_time":117.29124,"remaining_time":46.75245231},
{"learn":[0.001403457532],"iteration":715,"passed_time":117.4493934,"remaining_time":46.58607224},
{"learn":[0.001403457532],"iteration":716,"passed_time":117.6296778,"remaining_time":46.42845023},
{"learn":[0.001403457532],"iteration":717,"passed_time":117.8355881,"remaining_time":46.28082987},
{"learn":[0.001403457532],"iteration":718,"passed_time":118.046892,"remaining_time":46.1351553},
{"learn":[0.001403457532],"iteration":719,"passed_time":118.2169591,"remaining_time":45.97326189},
{"learn":[0.001403457532],"iteration":720,"passed_time":118.3730049,"remaining_time":45.80592007},
{"learn":[0.001403457532],"iteration":721,"passed_time":118.5313693,"remaining_time":45.6395023},
{"learn":[0.001403457532],"iteration":722,"passed_time":118.6867946,"remaining_time":45.4719808},
{"learn":[0.001403457532],"iteration":723,"passed_time":118.8423793,"remaining_time":45.30455342},
{"learn":[0.001403457532],"iteration":724,"passed_time":119.0019474,"remaining_time":45.1386697},
{"learn":[0.001403457532],"iteration":725,"passed_time":119.1575152,"remaining_time":44.97129362},
{"learn":[0.001403457532],"iteration":726,"passed_time":119.3121862,"remaining_time":44.80361325},
{"learn":[0.001403457532],"iteration":727,"passed_time":119.4672345,"remaining_time":44.63610959},
{"learn":[0.001403457532],"iteration":728,"passed_time":119.6257405,"remaining_time":44.46992547},
{"learn":[0.001403457532],"iteration":729,"passed_time":119.7822687,"remaining_time":44.30303087},
{"learn":[0.001403457532],"iteration":730,"passed_time":119.9451497,"remaining_time":44.13850244},
{"learn":[0.001403457532],"iteration":731,"passed_time":120.1066507,"remaining_time":43.97347321},
{"learn":[0.001403457532],"iteration":732,"passed_time":120.2635569,"remaining_time":43.80677994},
{"learn":[0.001403457532],"iteration":733,"passed_time":120.4237631,"remaining_time":43.64130923},
{"learn":[0.001403457532],"iteration":734,"passed_time":120.5848599,"remaining_time":43.47617398},
{"learn":[0.001403457532],"iteration":735,"passed_time":120.7387835,"remaining_time":43.3084767},
{"learn":[0.001403457532],"iteration":736,"passed_time":120.896407,"remaining_time":43.14213709},
{"learn":[0.001403457532],"iteration":737,"passed_time":121.0558669,"remaining_time":42.97647307},
{"learn":[0.001403457532],"iteration":738,"passed_time":121.2135888,"remaining_time":42.810212},
{"learn":[0.001403457532],"iteration":739,"passed_time":121.3754832,"remaining_time":42.64544004},
{"learn":[0.001403457532],"iteration":740,"passed_time":121.5301739,"remaining_time":42.47815796},
{"learn":[0.001403457532],"iteration":741,"passed_time":121.6883179,"remaining_time":42.31211054},
{"learn":[0.001403457532],"iteration":742,"passed_time":121.8434138,"remaining_time":42.14503007},
{"learn":[0.001403457532],"iteration":743,"passed_time":122.0032502,"remaining_time":41.97961297},
{"learn":[0.001403457532],"iteration":744,"passed_time":122.1721399,"remaining_time":41.81730963},
{"learn":[0.001403457532],"iteration":745,"passed_time":122.3264144,"remaining_time":41.65001242},
{"learn":[0.001403457532],"iteration":746,"passed_time":122.482611,"remaining_time":41.48340103},
{"learn":[0.001403457532],"iteration":747,"passed_time":122.6412872,"remaining_time":41.31765292},
{"learn":[0.001403457532],"iteration":748,"passed_time":122.8101682,"remaining_time":41.15534342},
{"learn":[0.001403457532],"iteration":749,"passed_time":122.9983189,"remaining_time":40.99943963},
{"learn":[0.001403457532],"iteration":750,"passed_time":123.1812922,"remaining_time":40.84173335},
{"learn":[0.001403457532],"iteration":751,"passed_time":123.3901331,"remaining_time":40.69249071},
{"learn":[0.001403457532],"iteration":752,"passed_time":123.5421075,"remaining_time":40.52443632},
{"learn":[0.001403457532],"iteration":753,"passed_time":123.6987461,"remaining_time":40.35794633},
{"learn":[0.001403457532],"iteration":754,"passed_time":123.8526193,"remaining_time":40.19058506},
{"learn":[0.001403457532],"iteration":755,"passed_time":124.0145558,"remaining_time":40.02586194},
{"learn":[0.001403457532],"iteration":756,"passed_time":124.1756913,"remaining_time":39.86088903},
{"learn":[0.001403457532],"iteration":757,"passed_time":124.3312139,"remaining_time":39.69413424},
{"learn":[0.001403457532],"iteration":758,"passed_time":124.4881195,"remaining_time":39.52784823},
{"learn":[0.001403457532],"iteration":759,"passed_time":124.6418851,"remaining_time":39.36059529},
{"learn":[0.001403457532],"iteration":760,"passed_time":124.7974538,"remaining_time":39.19394408},
{"learn":[0.001403457532],"iteration":761,"passed_time":124.9537465,"remaining_time":39.02754813},
{"learn":[0.001403457532],"iteration":762,"passed_time":125.1186767,"remaining_time":38.86386156},
{"learn":[0.001403457532],"iteration":763,"passed_time":125.2785531,"remaining_time":38.69861066},
{"learn":[0.001403457532],"iteration":764,"passed_time":125.4334567,"remaining_time":38.53184619},
{"learn":[0.001403457532],"iteration":765,"passed_time":125.5905155,"remaining_time":38.36577105},
{"learn":[0.001403457532],"iteration":766,"passed_time":125.7465881,"remaining_time":38.19941984},
{"learn":[0.001403457532],"iteration":767,"passed_time":125.9027754,"remaining_time":38.03313007},
{"learn":[0.001403457532],"iteration":768,"passed_time":126.0663047,"remaining_time":37.86907203},
{"learn":[0.001403457532],"iteration":769,"passed_time":126.2261253,"remaining_time":37.70390756},
{"learn":[0.001403457532],"iteration":770,"passed_time":126.3837397,"remaining_time":37.53810166},
{"learn":[0.001403457532],"iteration":771,"passed_time":126.5348421,"remaining_time":37.37039379},
{"learn":[0.001403457532],"iteration":772,"passed_time":126.6932709,"remaining_time":37.20488032},
{"learn":[0.001403457532],"iteration":773,"passed_time":126.8488291,"remaining_time":37.03854701},
{"learn":[0.001403457532],"iteration":774,"passed_time":127.0044113,"remaining_time":36.87224844},
{"learn":[0.001403457532],"iteration":775,"passed_time":127.1699928,"remaining_time":36.70886391},
{"learn":[0.001403457532],"iteration":776,"passed_time":127.3286953,"remaining_time":36.54349943},
{"learn":[0.001403457532],"iteration":777,"passed_time":127.4837403,"remaining_time":36.37710842},
{"learn":[0.001403457532],"iteration":778,"passed_time":127.6395171,"remaining_time":36.21095414},
{"learn":[0.001403457532],"iteration":779,"passed_time":127.7926348,"remaining_time":36.04407648},
{"learn":[0.001403457532],"iteration":780,"passed_time":127.9490218,"remaining_time":35.8781508},
{"learn":[0.001403457532],"iteration":781,"passed_time":128.1291246,"remaining_time":35.71886082},
{"learn":[0.001403457532],"iteration":782,"passed_time":128.3148983,"remaining_time":35.56108931},
{"learn":[0.001403457532],"iteration":783,"passed_time":128.5074384,"remaining_time":35.40511057},
{"learn":[0.001403457532],"iteration":784,"passed_time":128.6901079,"remaining_time":35.24633527},
{"learn":[0.001403457532],"iteration":785,"passed_time":128.8461853,"remaining_time":35.08025909},
{"learn":[0.001403457532],"iteration":786,"passed_time":128.9991039,"remaining_time":34.9133534},
{"learn":[0.001403457532],"iteration":787,"passed_time":129.1669655,"remaining_time":34.75050341},
{"learn":[0.001403457532],"iteration":788,"passed_time":129.3217699,"remaining_time":34.58414885},
{"learn":[0.001403457532],"iteration":789,"passed_time":129.4776511,"remaining_time":34.41810978},
{"learn":[0.001403457532],"iteration":790,"passed_time":129.6339776,"remaining_time":34.25221405},
{"learn":[0.001403457532],"iteration":791,"passed_time":129.789788,"remaining_time":34.08620695},
{"learn":[0.001403457532],"iteration":792,"passed_time":129.9435273,"remaining_time":33.91968494},
{"learn":[0.001403457532],"iteration":793,"passed_time":130.1099947,"remaining_time":33.75649737},
{"learn":[0.001403457532],"iteration":794,"passed_time":130.2687106,"remaining_time":33.59130273},
{"learn":[0.001403457532],"iteration":795,"passed_time":130.426221,"remaining_time":33.42581543},
{"learn":[0.001403457532],"iteration":796,"passed_time":130.5814212,"remaining_time":33.25975974},
{"learn":[0.001403457532],"iteration":797,"passed_time":130.743262,"remaining_time":33.09541218},
{"learn":[0.001403457532],"iteration":798,"passed_time":130.8989337,"remaining_time":32.92951899},
{"learn":[0.001403457532],"iteration":799,"passed_time":131.0596416,"remaining_time":32.7649104},
{"learn":[0.001403457532],"iteration":800,"passed_time":131.2241129,"remaining_time":32.60124652},
{"learn":[0.001403457532],"iteration":801,"passed_time":131.3804334,"remaining_time":32.43556836},
{"learn":[0.001403457532],"iteration":802,"passed_time":131.5528926,"remaining_time":32.27387278},
{"learn":[0.001403457532],"iteration":803,"passed_time":131.7139808,"remaining_time":32.1093784},
{"learn":[0.001403457532],"iteration":804,"passed_time":131.8716252,"remaining_time":31.94405829},
{"learn":[0.001403457532],"iteration":805,"passed_time":132.0291792,"remaining_time":31.77873544},
{"learn":[0.001403457532],"iteration":806,"passed_time":132.1975036,"remaining_time":31.61600768},
{"learn":[0.001403457532],"iteration":807,"passed_time":132.3546565,"remaining_time":31.45061145},
{"learn":[0.001403457532],"iteration":808,"passed_time":132.5121797,"remaining_time":31.28532303},
{"learn":[0.001403457532],"iteration":809,"passed_time":132.6669795,"remaining_time":31.11941494},
{"learn":[0.001403457532],"iteration":810,"passed_time":132.823474,"remaining_time":30.9539292},
{"learn":[0.001403457532],"iteration":811,"passed_time":132.9781548,"remaining_time":30.78804568},
{"learn":[0.001403457532],"iteration":812,"passed_time":133.1402777,"remaining_time":30.6239015},
{"learn":[0.001403457532],"iteration":813,"passed_time":133.3246485,"remaining_time":30.46484598},
{"learn":[0.001403457532],"iteration":814,"passed_time":133.4925957,"remaining_time":30.30200024},
{"learn":[0.001403457532],"iteration":815,"passed_time":133.6645501,"remaining_time":30.14004561},
{"learn":[0.001403457532],"iteration":816,"passed_time":133.8567848,"remaining_time":29.98260909},
{"learn":[0.001403457532],"iteration":817,"passed_time":134.0208006,"remaining_time":29.81880893},
{"learn":[0.001403457532],"iteration":818,"passed_time":134.183628,"remaining_time":29.65474562},
{"learn":[0.001403457532],"iteration":819,"passed_time":134.3387088,"remaining_time":29.48898485},
{"learn":[0.001403457532],"iteration":820,"passed_time":134.4936207,"remaining_time":29.32321328},
{"learn":[0.001403457532],"iteration":821,"passed_time":134.6519244,"remaining_time":29.15820261},
{"learn":[0.001403457532],"iteration":822,"passed_time":134.8105299,"remaining_time":28.99327313},
{"learn":[0.001403457532],"iteration":823,"passed_time":134.9688884,"remaining_time":28.82830625},
{"learn":[0.001403457532],"iteration":824,"passed_time":135.1329246,"remaining_time":28.66455976},
{"learn":[0.001403457532],"iteration":825,"passed_time":135.293867,"remaining_time":28.50016084},
{"learn":[0.001403457532],"iteration":826,"passed_time":135.4495215,"remaining_time":28.33466412},
{"learn":[0.001403457532],"iteration":827,"passed_time":135.6075518,"remaining_time":28.16968468},
{"learn":[0.001403457532],"iteration":828,"passed_time":135.7633646,"remaining_time":28.0042646},
{"learn":[0.001403457532],"iteration":829,"passed_time":135.9182873,"remaining_time":27.83868535},
{"learn":[0.001403457532],"iteration":830,"passed_time":136.0719272,"remaining_time":27.67287088},
{"learn":[0.001403457532],"iteration":831,"passed_time":136.2390868,"remaining_time":27.50981561},
{"learn":[0.001403457532],"iteration":832,"passed_time":136.3979141,"remaining_time":27.34508002},
{"learn":[0.001403457532],"iteration":833,"passed_time":136.5555468,"remaining_time":27.18012083},
{"learn":[0.001403457532],"iteration":834,"passed_time":136.706215,"remaining_time":27.01380296},
{"learn":[0.001403457532],"iteration":835,"passed_time":136.8627237,"remaining_time":26.84866829},
{"learn":[0.001403457532],"iteration":836,"passed_time":137.0153297,"remaining_time":26.68279419},
{"learn":[0.001403457532],"iteration":837,"passed_time":137.1774802,"remaining_time":26.51879689},
{"learn":[0.001403457532],"iteration":838,"passed_time":137.3379395,"remaining_time":26.35447946},
{"learn":[0.001403457532],"iteration":839,"passed_time":137.4919468,"remaining_time":26.18894225},
{"learn":[0.001403457532],"iteration":840,"passed_time":137.6493145,"remaining_time":26.02406778},
{"learn":[0.001403457532],"iteration":841,"passed_time":137.809721,"remaining_time":25.85978137},
{"learn":[0.001403457532],"iteration":842,"passed_time":137.9671899,"remaining_time":25.69495708},
{"learn":[0.001403457532],"iteration":843,"passed_time":138.1203764,"remaining_time":25.52935867},
{"learn":[0.001403457532],"iteration":844,"passed_time":138.2852006,"remaining_time":25.36592437},
{"learn":[0.001403457532],"iteration":845,"passed_time":138.4474523,"remaining_time":25.2020185},
{"learn":[0.001403457532],"iteration":846,"passed_time":138.6250949,"remaining_time":25.04089671},
{"learn":[0.001403457532],"iteration":847,"passed_time":138.7822922,"remaining_time":24.87607124},
{"learn":[0.001403457532],"iteration":848,"passed_time":138.9538958,"remaining_time":24.71382598},
{"learn":[0.001403457532],"iteration":849,"passed_time":139.1452745,"remaining_time":24.55504844},
{"learn":[0.001403457532],"iteration":850,"passed_time":139.33048,"remaining_time":24.39511342},
{"learn":[0.001403457532],"iteration":851,"passed_time":139.4863706,"remaining_time":24.23002682},
{"learn":[0.001403457532],"iteration":852,"passed_time":139.6391397,"remaining_time":24.06442385},
{"learn":[0.001403457532],"iteration":853,"passed_time":139.794997,"remaining_time":23.89937888},
{"learn":[0.001403457532],"iteration":854,"passed_time":139.9533128,"remaining_time":23.73477235},
{"learn":[0.001403457532],"iteration":855,"passed_time":140.1090318,"remaining_time":23.56974366},
{"learn":[0.001403457532],"iteration":856,"passed_time":140.2808949,"remaining_time":23.40743054},
{"learn":[0.001403457532],"iteration":857,"passed_time":140.4382067,"remaining_time":23.2426869},
{"learn":[0.001403457532],"iteration":858,"passed_time":140.5955804,"remaining_time":23.07797071},
{"learn":[0.001403457532],"iteration":859,"passed_time":140.7529099,"remaining_time":22.9132644},
{"learn":[0.001403457532],"iteration":860,"passed_time":140.9099823,"remaining_time":22.74853373},
{"learn":[0.001403457532],"iteration":861,"passed_time":141.0692567,"remaining_time":22.58417335},
{"learn":[0.001403457532],"iteration":862,"passed_time":141.2406874,"remaining_time":22.42175455},
{"learn":[0.001403457532],"iteration":863,"passed_time":141.3998912,"remaining_time":22.25739028},
{"learn":[0.001403457532],"iteration":864,"passed_time":141.5581195,"remaining_time":22.0928857},
{"learn":[0.001403457532],"iteration":865,"passed_time":141.7106724,"remaining_time":21.92751744},
{"learn":[0.001403457532],"iteration":866,"passed_time":141.8658853,"remaining_time":21.76258678},
{"learn":[0.001403457532],"iteration":867,"passed_time":142.0190369,"remaining_time":21.59736506},
{"learn":[0.001403457532],"iteration":868,"passed_time":142.1774159,"remaining_time":21.43295912},
{"learn":[0.001403457532],"iteration":869,"passed_time":142.3423451,"remaining_time":21.26954582},
{"learn":[0.001403457532],"iteration":870,"passed_time":142.4972999,"remaining_time":21.10465176},
{"learn":[0.001403457532],"iteration":871,"passed_time":142.6524514,"remaining_time":20.93980939},
{"learn":[0.001403457532],"iteration":872,"passed_time":142.8078969,"remaining_time":20.77503196},
{"learn":[0.001403457532],"iteration":873,"passed_time":142.9606363,"remaining_time":20.60988578},
{"learn":[0.001403457532],"iteration":874,"passed_time":143.113714,"remaining_time":20.44481628},
{"learn":[0.001403457532],"iteration":875,"passed_time":143.2814909,"remaining_time":20.28185488},
{"learn":[0.001403457532],"iteration":876,"passed_time":143.441682,"remaining_time":20.11781858},
{"learn":[0.001403457532],"iteration":877,"passed_time":143.6019412,"remaining_time":19.95380048},
{"learn":[0.001403457532],"iteration":878,"passed_time":143.791702,"remaining_time":19.79385204},
{"learn":[0.001403457532],"iteration":879,"passed_time":143.9492207,"remaining_time":19.62943918},
{"learn":[0.001403457532],"iteration":880,"passed_time":144.1033221,"remaining_time":19.4645804},
{"learn":[0.001403457532],"iteration":881,"passed_time":144.2866324,"remaining_time":19.30365377},
{"learn":[0.001403457532],"iteration":882,"passed_time":144.4856701,"remaining_time":19.14476037},
{"learn":[0.001403457532],"iteration":883,"passed_time":144.6458616,"remaining_time":18.98067868},
{"learn":[0.001403457532],"iteration":884,"passed_time":144.7998119,"remaining_time":18.81579476},
{"learn":[0.001403457532],"iteration":885,"passed_time":144.956034,"remaining_time":18.65122785},
{"learn":[0.001403457532],"iteration":886,"passed_time":145.1083644,"remaining_time":18.48618397},
{"learn":[0.001403457532],"iteration":887,"passed_time":145.2685879,"remaining_time":18.32216423},
{"learn":[0.001403457532],"iteration":888,"passed_time":145.4282258,"remaining_time":18.15807994},
{"learn":[0.001403457532],"iteration":889,"passed_time":145.582756,"remaining_time":17.99337434},
{"learn":[0.001403457532],"iteration":890,"passed_time":145.7393455,"remaining_time":17.8289435},
{"learn":[0.001403457532],"iteration":891,"passed_time":145.8934085,"remaining_time":17.66422435},
{"learn":[0.001403457532],"iteration":892,"passed_time":146.0497687,"remaining_time":17.49980431},
{"learn":[0.001403457532],"iteration":893,"passed_time":146.2049261,"remaining_time":17.33525969},
{"learn":[0.001403457532],"iteration":894,"passed_time":146.3748741,"remaining_time":17.17247126},
{"learn":[0.001403457532],"iteration":895,"passed_time":146.5322442,"remaining_time":17.00820691},
{"learn":[0.001403457532],"iteration":896,"passed_time":146.6821881,"remaining_time":16.84310521},
{"learn":[0.001403457532],"iteration":897,"passed_time":146.8438705,"remaining_time":16.67937059},
{"learn":[0.001403457532],"iteration":898,"passed_time":146.9986316,"remaining_time":16.51486294},
{"learn":[0.001403457532],"iteration":899,"passed_time":147.1557142,"remaining_time":16.35063491},
{"learn":[0.001403457532],"iteration":900,"passed_time":147.3228701,"remaining_time":16.18752957},
{"learn":[0.001403457532],"iteration":901,"passed_time":147.4812269,"remaining_time":16.02345924},
{"learn":[0.001403457532],"iteration":902,"passed_time":147.6345372,"remaining_time":15.85885947},
{"learn":[0.001403457532],"iteration":903,"passed_time":147.7902187,"remaining_time":15.6945365},
{"learn":[0.001403457532],"iteration":904,"passed_time":147.9409046,"remaining_time":15.52970822},
{"learn":[0.001403457532],"iteration":905,"passed_time":148.0964043,"remaining_time":15.3654106},
{"learn":[0.001403457532],"iteration":906,"passed_time":148.2620522,"remaining_time":15.20217294},
{"learn":[0.001403457532],"iteration":907,"passed_time":148.422427,"remaining_time":15.03839569},
{"learn":[0.001403457532],"iteration":908,"passed_time":148.5798,"remaining_time":14.87432541},
{"learn":[0.001403457532],"iteration":909,"passed_time":148.7364879,"remaining_time":14.7102021},
{"learn":[0.001403457532],"iteration":910,"passed_time":148.9094787,"remaining_time":14.54768782},
{"learn":[0.001403457532],"iteration":911,"passed_time":149.0784355,"remaining_time":14.38476132},
{"learn":[0.001403457532],"iteration":912,"passed_time":149.2384299,"remaining_time":14.22096758},
{"learn":[0.001403457532],"iteration":913,"passed_time":149.4028769,"remaining_time":14.05760111},
{"learn":[0.001403457532],"iteration":914,"passed_time":149.5833062,"remaining_time":13.89571697},
{"learn":[0.001403457532],"iteration":915,"passed_time":149.766657,"remaining_time":13.73406024},
{"learn":[0.001403457532],"iteration":916,"passed_time":149.9234393,"remaining_time":13.56995143},
{"learn":[0.001403457532],"iteration":917,"passed_time":150.0762121,"remaining_time":13.40550043},
{"learn":[0.001403457532],"iteration":918,"passed_time":150.2354832,"remaining_time":13.24164759},
{"learn":[0.001403457532],"iteration":919,"passed_time":150.4012896,"remaining_time":13.07837301},
{"learn":[0.001403457532],"iteration":920,"passed_time":150.557761,"remaining_time":12.9142922},
{"learn":[0.001403457532],"iteration":921,"passed_time":150.7115478,"remaining_time":12.75000079},
{"learn":[0.001403457532],"iteration":922,"passed_time":150.866189,"remaining_time":12.58580342},
{"learn":[0.001403457532],"iteration":923,"passed_time":151.0262276,"remaining_time":12.42207067},
{"learn":[0.001403457532],"iteration":924,"passed_time":151.1810951,"remaining_time":12.25792663},
{"learn":[0.001403457532],"iteration":925,"passed_time":151.3485026,"remaining_time":12.09480475},
{"learn":[0.001403457532],"iteration":926,"passed_time":151.5064829,"remaining_time":11.93093123},
{"learn":[0.001403457532],"iteration":927,"passed_time":151.6618142,"remaining_time":11.7668649},
{"learn":[0.001403457532],"iteration":928,"passed_time":151.8132151,"remaining_time":11.60251698},
{"learn":[0.001403457532],"iteration":929,"passed_time":151.9709353,"remaining_time":11.43867255},
{"learn":[0.001403457532],"iteration":930,"passed_time":152.1288955,"remaining_time":11.27485906},
{"learn":[0.001403457532],"iteration":931,"passed_time":152.2903668,"remaining_time":11.11131432},
{"learn":[0.001403457532],"iteration":932,"passed_time":152.4559348,"remaining_time":10.9480682},
{"learn":[0.001403457532],"iteration":933,"passed_time":152.6202351,"remaining_time":10.78472754},
{"learn":[0.001403457532],"iteration":934,"passed_time":152.7736969,"remaining_time":10.62063134},
{"learn":[0.001403457532],"iteration":935,"passed_time":152.9268763,"remaining_time":10.45653855},
{"learn":[0.001403457532],"iteration":936,"passed_time":153.0805392,"remaining_time":10.29250157},
{"learn":[0.001403457532],"iteration":937,"passed_time":153.2370089,"remaining_time":10.12867223},
{"learn":[0.001403457532],"iteration":938,"passed_time":153.4034301,"remaining_time":9.965505046},
{"learn":[0.001403457532],"iteration":939,"passed_time":153.5598761,"remaining_time":9.801694219},
{"learn":[0.001403457532],"iteration":940,"passed_time":153.7151505,"remaining_time":9.637825592},
{"learn":[0.001403457532],"iteration":941,"passed_time":153.8728442,"remaining_time":9.474124163},
{"learn":[0.001403457532],"iteration":942,"passed_time":154.0277598,"remaining_time":9.310267557},
{"learn":[0.001403457532],"iteration":943,"passed_time":154.2091577,"remaining_time":9.14800088},
{"learn":[0.001403457532],"iteration":944,"passed_time":154.3774004,"remaining_time":8.984928067},
{"learn":[0.001403457532],"iteration":945,"passed_time":154.5460751,"remaining_time":8.82186898},
{"learn":[0.001403457532],"iteration":946,"passed_time":154.7037062,"remaining_time":8.658179964},
{"learn":[0.001403457532],"iteration":947,"passed_time":154.8944402,"remaining_time":8.496319507},
{"learn":[0.001403457532],"iteration":948,"passed_time":155.0670476,"remaining_time":8.333424056},
{"learn":[0.001403457532],"iteration":949,"passed_time":155.2235788,"remaining_time":8.169662041},
{"learn":[0.001403457532],"iteration":950,"passed_time":155.4034257,"remaining_time":8.007116571},
{"learn":[0.001403457532],"iteration":951,"passed_time":155.5569283,"remaining_time":7.843206468},
{"learn":[0.001403457532],"iteration":952,"passed_time":155.7110857,"remaining_time":7.679350504},
{"learn":[0.001403457532],"iteration":953,"passed_time":155.864223,"remaining_time":7.515465678},
{"learn":[0.001403457532],"iteration":954,"passed_time":156.0202885,"remaining_time":7.351741342},
{"learn":[0.001403457532],"iteration":955,"passed_time":156.1748092,"remaining_time":7.187961931},
{"learn":[0.001403457532],"iteration":956,"passed_time":156.3353546,"remaining_time":7.02447257},
{"learn":[0.001403457532],"iteration":957,"passed_time":156.5009974,"remaining_time":6.861212831},
{"learn":[0.001403457532],"iteration":958,"passed_time":156.6578688,"remaining_time":6.697573117},
{"learn":[0.001403457532],"iteration":959,"passed_time":156.8131611,"remaining_time":6.533881714},
{"learn":[0.001403457532],"iteration":960,"passed_time":156.9700557,"remaining_time":6.370272811},
{"learn":[0.001403457532],"iteration":961,"passed_time":157.1278413,"remaining_time":6.206713065},
{"learn":[0.001403457532],"iteration":962,"passed_time":157.2817891,"remaining_time":6.043017856},
{"learn":[0.001403457532],"iteration":963,"passed_time":157.4437893,"remaining_time":5.879643584},
{"learn":[0.001403457532],"iteration":964,"passed_time":157.6025996,"remaining_time":5.71615646},
{"learn":[0.001403457532],"iteration":965,"passed_time":157.7577946,"remaining_time":5.552551776},
{"learn":[0.001403457532],"iteration":966,"passed_time":157.9119294,"remaining_time":5.388928303},
{"learn":[0.001403457532],"iteration":967,"passed_time":158.0679112,"remaining_time":5.225385495},
{"learn":[0.001403457532],"iteration":968,"passed_time":158.222152,"remaining_time":5.061802592},
{"learn":[0.001403457532],"iteration":969,"passed_time":158.3876811,"remaining_time":4.898588076},
{"learn":[0.001403457532],"iteration":970,"passed_time":158.5413794,"remaining_time":4.735015451},
{"learn":[0.001403457532],"iteration":971,"passed_time":158.7005634,"remaining_time":4.571621169},
{"learn":[0.001403457532],"iteration":972,"passed_time":158.8565565,"remaining_time":4.408146994},
{"learn":[0.001403457532],"iteration":973,"passed_time":159.0123747,"remaining_time":4.244683513},
{"learn":[0.001403457532],"iteration":974,"passed_time":159.1669122,"remaining_time":4.081202876},
{"learn":[0.001403457532],"iteration":975,"passed_time":159.3394202,"remaining_time":3.918182464},
{"learn":[0.001403457532],"iteration":976,"passed_time":159.5126273,"remaining_time":3.755159086},
{"learn":[0.001403457532],"iteration":977,"passed_time":159.6682615,"remaining_time":3.591719583},
{"learn":[0.001403457532],"iteration":978,"passed_time":159.8238178,"remaining_time":3.428294355},
{"learn":[0.001403457532],"iteration":979,"passed_time":159.9781952,"remaining_time":3.264861127},
{"learn":[0.001403457532],"iteration":980,"passed_time":160.1703241,"remaining_time":3.10217753},
{"learn":[0.001403457532],"iteration":981,"passed_time":160.3418533,"remaining_time":2.939056373},
{"learn":[0.001403457532],"iteration":982,"passed_time":160.5033825,"remaining_time":2.775745171},
{"learn":[0.001403457532],"iteration":983,"passed_time":160.656574,"remaining_time":2.612302017},
{"learn":[0.001403457532],"iteration":984,"passed_time":160.8144261,"remaining_time":2.448950652},
{"learn":[0.001403457532],"iteration":985,"passed_time":160.9672761,"remaining_time":2.285539417},
{"learn":[0.001403457532],"iteration":986,"passed_time":161.1231402,"remaining_time":2.122189283},
{"learn":[0.001403457532],"iteration":987,"passed_time":161.2791338,"remaining_time":1.958855876},
{"learn":[0.001403457532],"iteration":988,"passed_time":161.4472344,"remaining_time":1.79567197},
{"learn":[0.001403457532],"iteration":989,"passed_time":161.6017478,"remaining_time":1.632340887},
{"learn":[0.001403457532],"iteration":990,"passed_time":161.752927,"remaining_time":1.468997319},
{"learn":[0.001403457532],"iteration":991,"passed_time":161.9122202,"remaining_time":1.305743711},
{"learn":[0.001403457532],"iteration":992,"passed_time":162.0704607,"remaining_time":1.14249066},
{"learn":[0.001403457532],"iteration":993,"passed_time":162.2245138,"remaining_time":0.9792224173},
{"learn":[0.001403457532],"iteration":994,"passed_time":162.3839131,"remaining_time":0.8159995633},
{"learn":[0.001403457532],"iteration":995,"passed_time":162.5475886,"remaining_time":0.6528015607},
{"learn":[0.001403457532],"iteration":996,"passed_time":162.7020688,"remaining_time":0.4895749313},
{"learn":[0.001403457532],"iteration":997,"passed_time":162.8597395,"remaining_time":0.3263722234},
{"learn":[0.001403457532],"iteration":998,"passed_time":163.0162407,"remaining_time":0.1631794201},
{"learn":[0.001403457532],"iteration":999,"passed_time":163.1723294,"remaining_time":0}
]}